id,title,loc
https://id.indeed.com/lihat-lowongan-kerja?jk=785deda3a5e7cf2c,Staff Sales Representative,Tangerang
https://id.indeed.com/lihat-lowongan-kerja?jk=0d857715c48ad0a1,SALES CHEMICAL ENGINEER,Jakarta
https://id.indeed.com/lihat-lowongan-kerja?jk=9cd9176a93dabd9e,Mitra Kurir Motor ( Purwakarta ) Kloter 2,Purwakarta
https://id.indeed.com/lihat-lowongan-kerja?jk=335cc76e0dc91082,Business Strategy & Partnership Analysis,Bandung
https://id.indeed.com/lihat-lowongan-kerja?jk=4cfaa0375777c86e,Mitra Collection Pamekasan - Madura,Jakarta
https://id.indeed.com/lihat-lowongan-kerja?jk=73e815b148a0c9ce,"Sales Executive Xiaomi, Bukit Tinggi",Bukittinggi
https://id.indeed.com/lihat-lowongan-kerja?jk=e64ed1be5ae94765,Partner Acquisition Manager,Tangerang
https://id.indeed.com/lihat-lowongan-kerja?jk=f914cf685e8661a0,GURU FISIKA FULL TIME,Tangerang
https://id.indeed.com/lihat-lowongan-kerja?jk=83bc24eb61e0a033,Legal Staff,Surabaya
https://id.indeed.com/lihat-lowongan-kerja?jk=97f75e296eeb6e06,Sales Promo Smartfren,Jakarta
https://id.indeed.com/lihat-lowongan-kerja?jk=7f8d9bf8aac6dd3a,Sales / Marketing,Medan
https://id.indeed.com/lihat-lowongan-kerja?jk=a8fc9a02e7c9b36c,Insurance Administrator,Palembang
https://id.indeed.com/lihat-lowongan-kerja?jk=0464fa87496e499b,IT Web/ Mobile Apps Executive,Jakarta
https://id.indeed.com/lihat-lowongan-kerja?jk=3288df4457dd2a59,Mobile Programmer iOS,Jakarta
https://id.indeed.com/lihat-lowongan-kerja?jk=c41cd4ed3349d00b,Cleaning Service Medan,Medan
https://id.indeed.com/lihat-lowongan-kerja?jk=63fc03f252124901,Medical Representative,Jakarta
https://id.indeed.com/lihat-lowongan-kerja?jk=6440bbac2db60c64,Admin dan Messenger,Denpasar
https://id.indeed.com/lihat-lowongan-kerja?jk=4aff551f5210def3,Admin/Cashier Individual Landing,Bandung
https://id.indeed.com/lihat-lowongan-kerja?jk=8e89f8240e102cbe,Sales Executive for Laparoscopy,Tangerang
https://id.indeed.com/lihat-lowongan-kerja?jk=bac8c5ba67cffab6,Sales dan Marketing,Jakarta
https://id.indeed.com/lihat-lowongan-kerja?jk=59a088e24fed7353,Marketing Executive,Jakarta
https://id.indeed.com/lihat-lowongan-kerja?jk=ed3ac0ab9c7d7473,Sales TO - Area Malang.,Malang
https://id.indeed.com/lihat-lowongan-kerja?jk=ade3ce98e6abf0a5,DELIVERY ORDER,Tangerang
https://id.indeed.com/lihat-lowongan-kerja?jk=bcd295fadcee2450,Data Collection Bogor,Bogor
https://id.indeed.com/lihat-lowongan-kerja?jk=97575778bf487f3c,Sales Executive,Depok
https://id.indeed.com/lihat-lowongan-kerja?jk=adc4643ad5cd646d,DRIVER OPERATIONAL/EKSPEDISI,Jakarta
https://id.indeed.com/lihat-lowongan-kerja?jk=b1413f294b8a4d1a,Perawat,Banjarmasin
https://id.indeed.com/lihat-lowongan-kerja?jk=54376f2644e7a53d,CMO Solo,Surakarta
https://id.indeed.com/lihat-lowongan-kerja?jk=ee70e53829099c43,【Active】Head Of Product,Jakarta
https://id.indeed.com/lihat-lowongan-kerja?jk=83c317c9c55bdda9,Mobile AppsProgrammer,Jakarta
https://id.indeed.com/lihat-lowongan-kerja?jk=423ffc42b41b4f0e,Marketing Agency,Banyuwangi
https://id.indeed.com/lihat-lowongan-kerja?jk=4314f7ac5fd1f2cb,COLLECTION STAFF,Semarang
https://id.indeed.com/lihat-lowongan-kerja?jk=cee80d7acc4ac35d,IT Support,Jakarta
https://id.indeed.com/lihat-lowongan-kerja?jk=ad51d7ac9836fd3e,SALES PRODUK TELKOM,Semarang
https://id.indeed.com/lihat-lowongan-kerja?jk=77cf9df5ec4fef9f,Kolektor/ ARO AREA Marelan (Medan),Medan
https://id.indeed.com/lihat-lowongan-kerja?jk=32571d839d3cdc5e,SALES REPRESENTATIVE,Bekasi
https://id.indeed.com/lihat-lowongan-kerja?jk=0a5b724e0bb39b05,CMO ( Credit Marketing Officer ),Solok
https://id.indeed.com/lihat-lowongan-kerja?jk=232806f872843f21,Talent Acquisition Partner,Jakarta
https://id.indeed.com/lihat-lowongan-kerja?jk=c2848bfaeea62958,Tax Officer - Multimedia Digital Nusantara,Tangerang
https://id.indeed.com/lihat-lowongan-kerja?jk=74614765a0861925,Supervisor Sales ritel Area Kab. Semarang dan Kendal Jawa Te...,Central Java
https://id.indeed.com/lihat-lowongan-kerja?jk=da43bb7d165b38bb,Sales Lapangan,Semarang
https://id.indeed.com/lihat-lowongan-kerja?jk=44c7a2670dc70812,MARKETING AND TENANCY (MKT),Jakarta
https://id.indeed.com/lihat-lowongan-kerja?jk=d4f0aa13f91bc1df,Sales Engineer Lamongan,Lamongan
https://id.indeed.com/lihat-lowongan-kerja?jk=02a991f8b1b0106f,Sales Staff,Jakarta
https://id.indeed.com/lihat-lowongan-kerja?jk=8c875b0e3226c729,Sales Consultant,Cimahi
https://id.indeed.com/lihat-lowongan-kerja?jk=550a4de778c0fa57,Customer Service Officer (CSO)/Teller (Sidoarjo),Sidoarjo
https://id.indeed.com/lihat-lowongan-kerja?jk=b31069d6ec2a35e6,Branch Manager – Banking Company – jakarta,Jakarta
https://id.indeed.com/lihat-lowongan-kerja?jk=54002170f54bc1e0,MARKETING(SALES) LED,Central Java
https://id.indeed.com/lihat-lowongan-kerja?jk=26f31a551e578920,"Task Forces Sales untuk Area Semarang, Kendal, Purwodadi dan...",Central Java
https://id.indeed.com/lihat-lowongan-kerja?jk=3072c1ce84e4da05,"Senior Strategic Account Manager Jakarta,",Jakarta
https://id.indeed.com/lihat-lowongan-kerja?jk=ccc814a236f1d5be,Marketing,Medan
https://id.indeed.com/lihat-lowongan-kerja?jk=f47ee2e14a1e3355,Field Collection Area SEMARANG,Semarang
https://id.indeed.com/lihat-lowongan-kerja?jk=fc2b41d24fabb268,SALES FORCE,Semarang
https://id.indeed.com/lihat-lowongan-kerja?jk=88cbd84266926c8a,Remedial Officer (Cianjur Jawa Barat),Cianjur
https://id.indeed.com/lihat-lowongan-kerja?jk=22d9d4588cc8c82e,TIM MOTIVATOR,Tangerang
https://id.indeed.com/lihat-lowongan-kerja?jk=03eb478cd7905584,social media content creator,Surabaya
https://id.indeed.com/lihat-lowongan-kerja?jk=c4e60f4b7dc0947f,Sales Representative,Jakarta
https://id.indeed.com/lihat-lowongan-kerja?jk=2c5383a48c33d1db,Sales Kalimantan dan Pontianak,Pontianak
https://id.indeed.com/lihat-lowongan-kerja?jk=b95fcba73caa501c,Collector,Bandung
https://id.indeed.com/lihat-lowongan-kerja?jk=196d5fa03e728dc1,Merchandiser (MD) Penempatan MAKASSAR,Makassar
https://id.indeed.com/lihat-lowongan-kerja?jk=3213a487a44d2d61,Senior Software Tester,Tangerang
https://id.indeed.com/lihat-lowongan-kerja?jk=cb08fa38bcd7af72,Staff Teknisi IT,Medan
https://id.indeed.com/lihat-lowongan-kerja?jk=86bbdc9589936717,Senior Tax Officer,Jakarta
https://id.indeed.com/lihat-lowongan-kerja?jk=75f89989a7c1e8b7,iOS Developer (IS-ID),Jakarta
https://id.indeed.com/lihat-lowongan-kerja?jk=6f3c6b98c20567f7,Staff Procurement (Pembelian),Surabaya
https://id.indeed.com/lihat-lowongan-kerja?jk=a17ea28339cd6a9a,Field Collection Tabanan,Badung
https://id.indeed.com/lihat-lowongan-kerja?jk=211372163d21e019,Kurir,Jakarta
https://id.indeed.com/lihat-lowongan-kerja?jk=cf407ca35bd4e6d4,Remedial Officer Area Probolinggo,Probolinggo
https://id.indeed.com/lihat-lowongan-kerja?jk=77fa757d0300bcbf,"Manufacturing Director - Jakarta, Indonesia (MNC)",Jakarta
https://id.indeed.com/lihat-lowongan-kerja?jk=b2a12d1b5ea46cae,ACCOUNT OFFICER CABANG SUKATANI,Bekasi
https://id.indeed.com/lihat-lowongan-kerja?jk=d21b722a7231a360,Security Analyst – Blue Team,Jakarta
https://id.indeed.com/lihat-lowongan-kerja?jk=1b791335b943d65f,IT Systems Engineer Staff,Jakarta
https://id.indeed.com/lihat-lowongan-kerja?jk=cce982e0fc561fb5,IT (System Support (Linux) dan Jaringan) Staff,Jakarta
https://id.indeed.com/lihat-lowongan-kerja?jk=aaa04991547020a6,Admin,Bandung
https://id.indeed.com/lihat-lowongan-kerja?jk=7e5561a95fb75325,Sales Agent - Sidoarjo,Sidoarjo
https://id.indeed.com/lihat-lowongan-kerja?jk=2ff948c8b95e03c0,Marketing Mobil,Lubuklinggau
https://id.indeed.com/lihat-lowongan-kerja?jk=f3085ace4dfbb7f9,Marketing/Sales,Surakarta
https://id.indeed.com/lihat-lowongan-kerja?jk=116d33f4ff7f214d,ACCOUNT OFFICER & COLLECTOR,Jakarta
https://id.indeed.com/lihat-lowongan-kerja?jk=592090c51462a33a,Sales Engineer,Jakarta
https://id.indeed.com/lihat-lowongan-kerja?jk=086c9a46370a9ccb,IT Support,Surabaya
https://id.indeed.com/lihat-lowongan-kerja?jk=56417141550f9184,IOS Developer,Tangerang
https://id.indeed.com/lihat-lowongan-kerja?jk=c2422379ee5d25a3,Credit Relation Officer (CRO),Indonesia
https://id.indeed.com/lihat-lowongan-kerja?jk=f5010589e1348788,Customer Repeat Order (CRO) - Kepanjen,Malang
https://id.indeed.com/lihat-lowongan-kerja?jk=1f1cc994e00cb7eb,OS Developer,Jakarta
https://id.indeed.com/lihat-lowongan-kerja?jk=a6f6f62ff6e8ee6c,Sales Merchandiser Bogor,Jakarta
https://id.indeed.com/lihat-lowongan-kerja?jk=cfc753fd3b98850a,SALES SPV,Bandar Lampung
https://id.indeed.com/lihat-lowongan-kerja?jk=8dfa96fe4b9c212e,SALES PROCESSOR (MITRA) - MANADO,Manado
https://id.indeed.com/lihat-lowongan-kerja?jk=380a075a69f1557c,"Mitra Collection Bogor Raya, Cibinong",Bogor
https://id.indeed.com/lihat-lowongan-kerja?jk=7348d3f9d6736f26,Sales Merchandiser Bekasi,Jakarta
https://id.indeed.com/lihat-lowongan-kerja?jk=5b7846bf60b78fa1,Sales Merchandiser Jakarta,Jakarta
https://id.indeed.com/lihat-lowongan-kerja?jk=fd9f9afb00797c4e,Sales Merchandiser Serang,Jakarta
https://id.indeed.com/lihat-lowongan-kerja?jk=f373da7ea56e0667,Sales Representative,Banten
https://id.indeed.com/lihat-lowongan-kerja?jk=987d21e8def8aa49,"Kurir (Jakarta Selatan - Palbatu, Tebet)",Jakarta
https://id.indeed.com/lihat-lowongan-kerja?jk=f2e252400112b86b,Procurement Specialist - Industrial Manufacturing Company,Jakarta
https://id.indeed.com/lihat-lowongan-kerja?jk=32f0db43481c2f95,Sales Engineer,Indonesia
https://id.indeed.com/lihat-lowongan-kerja?jk=a2fcf1aa2ca2e8cb,ACCOUNT OFFICER DEVELOPMENT PROGRAM (AODP),Indonesia
https://id.indeed.com/lihat-lowongan-kerja?jk=dd311100ccd9d083,Management Trainee,Jakarta
https://id.indeed.com/lihat-lowongan-kerja?jk=1f162d3f210c4839,Supervisor Sales Makassar,Makassar
https://id.indeed.com/lihat-lowongan-kerja?jk=da43bb7d165b38bb,Sales Lapangan,Semarang
https://id.indeed.com/lihat-lowongan-kerja?jk=2d7e57837dd7bd7e,Mitra Collection Cilacap,Cilacap
https://id.indeed.com/lihat-lowongan-kerja?jk=ffa2cec579793c07,SALES CANVASSER,Jakarta
https://id.indeed.com/lihat-lowongan-kerja?jk=204b7a6225b50626,Marketing Sekolah,Bekasi
https://id.indeed.com/lihat-lowongan-kerja?jk=909d124c95da63a7,Sales Executive,Bekasi
https://id.indeed.com/lihat-lowongan-kerja?jk=a93b789ba5ac47f3,Credit Marketing Officer Cileungsi,Bogor
https://id.indeed.com/lihat-lowongan-kerja?jk=dd9c94c7a2a9bc03,Account Manager,Jakarta
https://id.indeed.com/lihat-lowongan-kerja?jk=4c9a58e9f0ed2b2e,Sales Consultant,Tangerang
https://id.indeed.com/lihat-lowongan-kerja?jk=bdea648fea70034e,Marketing Staff,Tangerang
https://id.indeed.com/lihat-lowongan-kerja?jk=026ae86bc78b5e97,Sales Motor,Karawang
https://id.indeed.com/lihat-lowongan-kerja?jk=d66938673b81f924,District Manager (I),Jakarta
https://id.indeed.com/lihat-lowongan-kerja?jk=d05df813682a53da,Senior System Development Engineer,Jakarta
https://id.indeed.com/lihat-lowongan-kerja?jk=09bdb3fd08fba9e4,Sales Eksekutif,Depok
https://id.indeed.com/lihat-lowongan-kerja?jk=51194207bd6b09b0,REMEDIAL OFFICER - PAMANUKAN SUBANG XI.23,Subang
https://id.indeed.com/lihat-lowongan-kerja?jk=c48dc41b8be826c4,Operation & maintenance Staff,Medan
https://id.indeed.com/lihat-lowongan-kerja?jk=71ac80d3db231e5d,Commercial Sales Executive,Jakarta
https://id.indeed.com/lihat-lowongan-kerja?jk=ade884479d7b221e,Mobile Programmer (iOS Developer),Tangerang
https://id.indeed.com/lihat-lowongan-kerja?jk=eedd170911ceb866,Marketing - CRM & EDM Staff,Jakarta
https://id.indeed.com/lihat-lowongan-kerja?jk=5cbc021b7f726fb1,Sales Modern Trade (Solo),Surakarta
https://id.indeed.com/lihat-lowongan-kerja?jk=2ec588c6c3014e51,Technical Support (Tangerang),Tangerang
https://id.indeed.com/lihat-lowongan-kerja?jk=b39bd8679af8d794,Management Trainee (MT) - IT,Jakarta
https://id.indeed.com/lihat-lowongan-kerja?jk=b89c79b159087408,REMEDIAL OFFICER - CIREBON JABAR XI.23,Cirebon
https://id.indeed.com/lihat-lowongan-kerja?jk=1089eb779171e6ee,Kolektor / Account Receivable Officer (ARO) - RUTENG,East Nusa Tenggara
https://id.indeed.com/lihat-lowongan-kerja?jk=da43bb7d165b38bb,Sales Lapangan,Semarang
https://id.indeed.com/lihat-lowongan-kerja?jk=9fa0dc19b17655d9,Sales Survey,Jakarta
https://id.indeed.com/lihat-lowongan-kerja?jk=e46743a08c82c7a7,Driver Area Rumah Duri Kosambi,Jakarta
https://id.indeed.com/lihat-lowongan-kerja?jk=a9d3067b0956b9ad,Marketing - Multimedia Content,Jakarta
https://id.indeed.com/lihat-lowongan-kerja?jk=60c7287e11893aa9,Check & Balance Staff,Surabaya
https://id.indeed.com/lihat-lowongan-kerja?jk=f302d0c6fbf81f04,Internal Audit Staff,Jakarta
https://id.indeed.com/lihat-lowongan-kerja?jk=84d5bec411aa57ba,Kurir Motor ( Sentul Bogor & Sekitarnya ),Jakarta
https://id.indeed.com/lihat-lowongan-kerja?jk=e77fad2cbc5664a8,Customer Satisfaction Analyst,Bandung
https://id.indeed.com/lihat-lowongan-kerja?jk=5d8323582637cd2e,Electrical Engineer,Jakarta
https://id.indeed.com/lihat-lowongan-kerja?jk=5d1ad9f9a489f105,Technical Engineer,Jakarta
https://id.indeed.com/lihat-lowongan-kerja?jk=de1318a28ea761c8,Sales Representative (Palembang),Palembang
https://id.indeed.com/lihat-lowongan-kerja?jk=c6c6ad1b176dd8eb,Koordinator Area - Bali,Denpasar
https://id.indeed.com/lihat-lowongan-kerja?jk=8b9a37a67dc9d4e0,Finance Accounting Specialist,Jakarta
https://id.indeed.com/lihat-lowongan-kerja?jk=246d21e3cc994ade,REMEDIAL OFFICER - PURWAKARTA XI.23,Purwakarta
https://id.indeed.com/lihat-lowongan-kerja?jk=493d37a35cd2d271,Supervisor Marketing Properti,Bekasi
https://id.indeed.com/lihat-lowongan-kerja?jk=ec285d2ded18328c,Sales Retail Manager,Sidoarjo
https://id.indeed.com/lihat-lowongan-kerja?jk=6168c98e513895df,IOS Developer,Jakarta
https://id.indeed.com/lihat-lowongan-kerja?jk=72a9eaf09a897b71,Messenger,Jakarta
https://id.indeed.com/lihat-lowongan-kerja?jk=f7316b81250577e6,SUPERVISOR MARKETING,Pontianak
https://id.indeed.com/lihat-lowongan-kerja?jk=1f6fa31ff5414f8e,Sales Lapangan Bekasi,Bekasi
https://id.indeed.com/lihat-lowongan-kerja?jk=27adb99e1433f233,KOLEKTOR,Salatiga
https://id.indeed.com/lihat-lowongan-kerja?jk=f199882d4379947e,Sales Director (Indonesia Jakarta HQ),Jakarta
https://id.indeed.com/lihat-lowongan-kerja?jk=65eac1a4cf54e8c5,Field Agent ( Collector ) - Cilegon,Serang
https://id.indeed.com/lihat-lowongan-kerja?jk=287b5dd64a87d33c,Drafter,Tangerang
https://id.indeed.com/lihat-lowongan-kerja?jk=d8a4e7534986617e,Internal Auditor Associate (IAA),Jakarta
https://id.indeed.com/lihat-lowongan-kerja?jk=74e93105fc076d7b,Customer Relationship Supervisor,Sukabumi
https://id.indeed.com/lihat-lowongan-kerja?jk=a9d908894b99ff48,Supervisor Auditor (SPV),Jakarta
https://id.indeed.com/lihat-lowongan-kerja?jk=bc568fa6f9e8f591,Head of Representative Office (Balikpapan),Balikpapan
https://id.indeed.com/lihat-lowongan-kerja?jk=962864f94c316c81,Project Sales CIREBON,Cirebon
https://id.indeed.com/lihat-lowongan-kerja?jk=da43bb7d165b38bb,Sales Lapangan,Semarang
https://id.indeed.com/lihat-lowongan-kerja?jk=7fc029ced9aec839,"SDI BDM, Indonesia",Jakarta
https://id.indeed.com/lihat-lowongan-kerja?jk=c70280b5f92e374d,Mikro Kredit Sales (Pasar Jombang),Tangerang
https://id.indeed.com/lihat-lowongan-kerja?jk=6ea0b0db2bf46e6e,Corporate Sales Executive (Remote Position),Jakarta
https://id.indeed.com/lihat-lowongan-kerja?jk=1d22ec98182a6c95,Sales Executive (Serang - Cilegon),Serang
https://id.indeed.com/lihat-lowongan-kerja?jk=24b247206e513108,ENGINEER,Jakarta
https://id.indeed.com/lihat-lowongan-kerja?jk=4f5f1102f6f07d72,SCM – Warehouse Supervisor,Jakarta
https://id.indeed.com/lihat-lowongan-kerja?jk=147da6d561e62db2,Sales Motoris - Depok,Depok
https://id.indeed.com/lihat-lowongan-kerja?jk=0aa4e5ba6a0ff80f,Recruiting Manager,Jakarta
https://id.indeed.com/lihat-lowongan-kerja?jk=d53ba9641ec6f7ea,Sales Merchant Bekasi,Bekasi
https://id.indeed.com/lihat-lowongan-kerja?jk=c68b11763753c571,Account Executive,Jakarta
https://id.indeed.com/lihat-lowongan-kerja?jk=53af1cd97ca1fbcb,STAFF MARKETING (DIRECT SALES),Jakarta
https://id.indeed.com/lihat-lowongan-kerja?jk=d4bb344c3d20f390,Office Boy / OB,Jakarta
https://id.indeed.com/lihat-lowongan-kerja?jk=fd166a20e5fb6469,Field Agent ( Collector ) - Jakarta Utara,Jakarta
https://id.indeed.com/lihat-lowongan-kerja?jk=5ee310092942782d,Field Agent ( Collector ) - Jakarta Timur,Jakarta
https://id.indeed.com/lihat-lowongan-kerja?jk=94fa7200d92cdff8,Koordinator Sales,Pati
https://id.indeed.com/lihat-lowongan-kerja?jk=2759f20b23e9668d,Talent Coordinator,Jakarta
https://id.indeed.com/lihat-lowongan-kerja?jk=6aa5d1d7e6ced38a,Staff HRD Rekrutmen,Yogyakarta
https://id.indeed.com/lihat-lowongan-kerja?jk=bfb9c1d3f8762b49,ARHO - SOLO,Surakarta
https://id.indeed.com/lihat-lowongan-kerja?jk=1fc9fded2620ff17,Brand Merchandiser,Jakarta
https://id.indeed.com/lihat-lowongan-kerja?jk=a84dbfb3173c11e7,Alkes Sales Officer (Solo),Surakarta
https://id.indeed.com/lihat-lowongan-kerja?jk=421061547a90cbcd,Marketing Agent Officer (MAO) dan Credit Marketing Officer (...,Bogor
https://id.indeed.com/lihat-lowongan-kerja?jk=93614606febca71e,Bidan,Jakarta
https://id.indeed.com/lihat-lowongan-kerja?jk=0b0137b825382ddd,Kurir Motor,Karawang
https://id.indeed.com/lihat-lowongan-kerja?jk=81727228f77a5cd6,Senior Executive - PRUmedical Network Operations,Jakarta
https://id.indeed.com/lihat-lowongan-kerja?jk=763b998e98110229,Finance & Accounting Project,Jakarta
https://id.indeed.com/lihat-lowongan-kerja?jk=b20f78cfc8efc0ee,Staff Marketing,Jakarta
https://id.indeed.com/lihat-lowongan-kerja?jk=2e3bf8bef88e54e1,Koordinator KPM,Cianjur
https://id.indeed.com/lihat-lowongan-kerja?jk=8545b05cf5b042c8,LEADER GA & LEADER TEKNISI,Jakarta
https://id.indeed.com/lihat-lowongan-kerja?jk=bbd68ab1edfcc821,Field Collector Area JAKARTA TIMUR,Jakarta
https://id.indeed.com/lihat-lowongan-kerja?jk=a52178b8b9b42382,HR Manager,Jakarta
https://id.indeed.com/lihat-lowongan-kerja?jk=52087a04b3dbec53,HRD,Depok
https://id.indeed.com/lihat-lowongan-kerja?jk=19d7d845cb7e58e9,SURVEYOR,Yogyakarta
https://id.indeed.com/lihat-lowongan-kerja?jk=eb79016535892988,Account Executive RESI Jakarta,Jakarta
https://id.indeed.com/lihat-lowongan-kerja?jk=6f3a762e424c9a2e,Koordinator Marketing,Bogor
https://id.indeed.com/lihat-lowongan-kerja?jk=2eb5ad6ea0230316,Field Account Consultant- Jakarta Barat,Jakarta
https://id.indeed.com/lihat-lowongan-kerja?jk=ce36d4f3b4dc76ca,Marketing Agent Office Rawamangun,Jakarta
https://id.indeed.com/lihat-lowongan-kerja?jk=4229392636bab4bd,General Affair Staff,Jakarta
https://id.indeed.com/lihat-lowongan-kerja?jk=9d3771045a39af37,Maintenance Specialist,Jakarta
https://id.indeed.com/lihat-lowongan-kerja?jk=e7d6845303514b50,SPG EVENT E-PROVIDER,Tangerang
https://id.indeed.com/lihat-lowongan-kerja?jk=4d95ed376f3e6820,Area Sales Manager - Jakarta,Jakarta
https://id.indeed.com/lihat-lowongan-kerja?jk=84725b94e2fd17ea,Purchasing,Tangerang
https://id.indeed.com/lihat-lowongan-kerja?jk=6762e13324a6f75f,Cleaning Service,Jakarta
https://id.indeed.com/lihat-lowongan-kerja?jk=a2748a6416f2d3b6,Call for Application,Jakarta
https://id.indeed.com/lihat-lowongan-kerja?jk=c1e78695b48b026e,Sales Representative B2B,Jakarta
https://id.indeed.com/lihat-lowongan-kerja?jk=8805a4ae2b2d2ee1,C++ Developer,Jakarta
https://id.indeed.com/lihat-lowongan-kerja?jk=ce23dee4eb91c42f,Production Division Head,Jakarta
https://id.indeed.com/lihat-lowongan-kerja?jk=6b65fad1b349a4c8,Field Agent ( Collector ) - Jakarta Selatan,Jakarta
https://id.indeed.com/lihat-lowongan-kerja?jk=83800282957f8c7a,Recruiter Executive,Jakarta
https://id.indeed.com/lihat-lowongan-kerja?jk=30221baf846fd2d8,SEKRETARIS DIREKTUR,Jakarta
https://id.indeed.com/lihat-lowongan-kerja?jk=0526c9f188479dd3,Sales Project (SP),Jakarta
https://id.indeed.com/lihat-lowongan-kerja?jk=da43bb7d165b38bb,Sales Lapangan,Semarang
https://id.indeed.com/lihat-lowongan-kerja?jk=6d29f1b5700e9938,Sales Executive-Traditional Market (Penempatan Surabaya),Surabaya
https://id.indeed.com/lihat-lowongan-kerja?jk=45ebec612c4250b5,SALES ENGINEER & SALES SPAREPART,Jakarta
https://id.indeed.com/lihat-lowongan-kerja?jk=dfe84af1c6de084d,CREDIT MARKETING OFFICE - SOLOK (SUMATERA BARAT),Solok
https://id.indeed.com/lihat-lowongan-kerja?jk=75e1659deffc8186,Corporate Account Manager,Jakarta
https://id.indeed.com/lihat-lowongan-kerja?jk=e97fa1353162cc06,Workshop Head Magelang (Kepala Bengkel Magelang),Magelang
https://id.indeed.com/lihat-lowongan-kerja?jk=ddfb018fbe372a75,Marketing Grab Pontianak,Pontianak
https://id.indeed.com/lihat-lowongan-kerja?jk=bc768c0d40ba9a57,SERVICE SUPPORT SUPERVISOR,Depok
https://id.indeed.com/lihat-lowongan-kerja?jk=75e8131a2788953f,SALES EXECUTIVE,Semarang
https://id.indeed.com/lihat-lowongan-kerja?jk=f0d65a9c22d73a8e,Process Engineer,Batam
https://id.indeed.com/lihat-lowongan-kerja?jk=b665d45623ada7ce,Supervisor Medical Representative Padang,Padang
https://id.indeed.com/lihat-lowongan-kerja?jk=ad6d31a6bb88bcfc,Sales Canvasser Smartfren,Jakarta
https://id.indeed.com/lihat-lowongan-kerja?jk=01a0d4c5cb973f9b,Accounting Staff (Accountant/Akuntan),Sidoarjo
https://id.indeed.com/lihat-lowongan-kerja?jk=c2acbafc1c677a16,Marketing,Jakarta
https://id.indeed.com/lihat-lowongan-kerja?jk=9f500a6e065ede46,Salesman ( Taking Order ),Bandung
https://id.indeed.com/lihat-lowongan-kerja?jk=2267d3c8cf5c4767,payroll staff,Surabaya
https://id.indeed.com/lihat-lowongan-kerja?jk=9dab8fdf2a209b08,REMEDIAL OFFICER - CIMAHI BANDUNG BARAT XI.12,Cimahi
https://id.indeed.com/lihat-lowongan-kerja?jk=a76e3435ce95f005,Delivery Order,Depok
https://id.indeed.com/lihat-lowongan-kerja?jk=685850e008f7c5b2,CURVES CIRCUIT COACH,Bandung
https://id.indeed.com/lihat-lowongan-kerja?jk=58dbf6e9fee8e62a,KOLEKTOR AREA KEPANJEN,Malang
https://id.indeed.com/lihat-lowongan-kerja?jk=b18e426e2d6f8c41,Marketing Agency,Mojokerto
https://id.indeed.com/lihat-lowongan-kerja?jk=b3e9affd171ff2e0,IT Business Development (Jakarta),Bangkalan
https://id.indeed.com/lihat-lowongan-kerja?jk=6e5e604bded59f50,"Product Consultant / Sales Engineer Jakarta, Cikarang & Sura...",Jakarta
https://id.indeed.com/lihat-lowongan-kerja?jk=1aacf283f73071a2,Sales Eksekutif Retail/Wholesales,Denpasar
https://id.indeed.com/lihat-lowongan-kerja?jk=10477ebb1170a042,Software Engineer for C++,Jakarta
https://id.indeed.com/lihat-lowongan-kerja?jk=2fa5a5de74237010,Programer Staff,Sidoarjo
https://id.indeed.com/lihat-lowongan-kerja?jk=519caafaecf4a754,Kolektor/ ARO KUDUS,Kudus
https://id.indeed.com/lihat-lowongan-kerja?jk=c9ae9d0ab3d85c72,Sales Representative (Denpasar),Denpasar
https://id.indeed.com/lihat-lowongan-kerja?jk=36e07496a7419da8,Sales Canvasser (Petung- Panajam),Balikpapan
https://id.indeed.com/lihat-lowongan-kerja?jk=c5e32193506097a9,Sales Motoris - Jawa Tengah (Yogyakarta),Yogyakarta
https://id.indeed.com/lihat-lowongan-kerja?jk=fbaf85e7786a26eb,Staff Accounting & Tax,Yogyakarta
https://id.indeed.com/lihat-lowongan-kerja?jk=3c364021f6accd67,SALES EKSEKUTIF PURWOKERTO,Semarang
https://id.indeed.com/lihat-lowongan-kerja?jk=59c79a9496d8b40c,Teknik Kefarmasian,Kediri
https://id.indeed.com/lihat-lowongan-kerja?jk=8af8d11c4ce7a33a,Field Engineer Yogyakarta,Yogyakarta
https://id.indeed.com/lihat-lowongan-kerja?jk=1d7ef5c200d0c182,Account Executive,Jakarta
https://id.indeed.com/lihat-lowongan-kerja?jk=06ce9d40df503e93,Tutor ( Pengajar) IPA/IPS/Matematika/Bahasa Jenjang PAUD/SD/...,Jakarta
https://id.indeed.com/lihat-lowongan-kerja?jk=21f195fa937335c6,Sekretaris,Surabaya
https://id.indeed.com/lihat-lowongan-kerja?jk=42e45fc83584fb4b,SALESMAN,Jakarta
https://id.indeed.com/lihat-lowongan-kerja?jk=372139cac877c690,KOLEKTOR/ACCOUNT RECEIVABLE OFFICER-CIREBON,Cirebon
https://id.indeed.com/lihat-lowongan-kerja?jk=e19a5841dea0b6ca,Sales Manager,Indonesia
https://id.indeed.com/lihat-lowongan-kerja?jk=bd1642712e26811c,Mobile Application Developer,Jakarta
https://id.indeed.com/lihat-lowongan-kerja?jk=d218e3b4d663d56c,CMO SYANA - PANGKALAN BRANDAN,North Sumatra
https://id.indeed.com/lihat-lowongan-kerja?jk=e79ebc15705c05fa,Kurir Motor (Batam),Jakarta
https://id.indeed.com/lihat-lowongan-kerja?jk=4e42696e5c37f69d,Delivery Order,Depok
https://id.indeed.com/lihat-lowongan-kerja?jk=99c3d89a41f6e7f6,Supervisor Promotion (SP - WS),Surabaya
https://id.indeed.com/lihat-lowongan-kerja?jk=492b663393d94bae,Sales Executive (Sidoarjo - Mojokerto),Sidoarjo
https://id.indeed.com/lihat-lowongan-kerja?jk=8889c678cef58248,Manager Consultant,Jakarta
https://id.indeed.com/lihat-lowongan-kerja?jk=097b783cd5d66890,Staff Marketing,Bekasi
https://id.indeed.com/lihat-lowongan-kerja?jk=e4075002a92a2786,"Sales Executive Smartphone, Kota Padang",Padang
https://id.indeed.com/lihat-lowongan-kerja?jk=e6c13f55a881454d,Production Assistant Intern,Jakarta
https://id.indeed.com/lihat-lowongan-kerja?jk=f089a627e938f86e,Engineer I,Manado
https://id.indeed.com/lihat-lowongan-kerja?jk=630afc969f842d0a,Account Manager (Based in Singapore),Jakarta
https://id.indeed.com/lihat-lowongan-kerja?jk=e7b6e0a87c2a1587,Lowongan Kerja Marketing Leasback BPKB,Tangerang
https://id.indeed.com/lihat-lowongan-kerja?jk=b3dd878d24e99de4,Intern Media Analyst,Jakarta
https://id.indeed.com/lihat-lowongan-kerja?jk=7ca5038176141dd6,Field Agent ( Collector ) - Jakarta Selatan,Jakarta
https://id.indeed.com/lihat-lowongan-kerja?jk=35952e5aede372b6,Junior Software Engineer,Jakarta
https://id.indeed.com/lihat-lowongan-kerja?jk=0d6b7500c7cfd89f,MANAGEMENT DEVELOPMENT PROGRAM (MDP),Jakarta
https://id.indeed.com/lihat-lowongan-kerja?jk=ba7500f0cddf2e75,Teknisi Perbaikan Listrik dan Mesin Pabrik,Medan
https://id.indeed.com/lihat-lowongan-kerja?jk=58a391358fe8650d,Sales Samarinda,Jakarta
https://id.indeed.com/lihat-lowongan-kerja?jk=81917e31c5d0e911,Sales Eksekutif Retail/Wholesales KARAWANG,Karawang
https://id.indeed.com/lihat-lowongan-kerja?jk=62f1bee3dfe89eff,Intern Food Content Planner,Jakarta
https://id.indeed.com/lihat-lowongan-kerja?jk=b383206e7030377b,Leader Tim Cleaning Service,Bekasi
https://id.indeed.com/lihat-lowongan-kerja?jk=2fed3ce93ef24069,Marketing Executive,Indonesia
https://id.indeed.com/lihat-lowongan-kerja?jk=b8a49fac44318a7a,Field Collection (KAR - FC) Jakarta,Jakarta
https://id.indeed.com/lihat-lowongan-kerja?jk=468bad0cf02ae5a2,Staff Unit Universitas Swasta ( Wilayah Bekasi ),Bekasi
https://id.indeed.com/lihat-lowongan-kerja?jk=9e06f7134d07a52a,Account Executive (Area Medan),Medan
https://id.indeed.com/lihat-lowongan-kerja?jk=d8adb8e78f5d7c41,Tools Specialist,Jakarta
https://id.indeed.com/lihat-lowongan-kerja?jk=35b329709c09ccbd,Head of Risk Strategy - GoFood,Jakarta
https://id.indeed.com/lihat-lowongan-kerja?jk=ac87e4ecd2544066,Kolektor / Account Receivable Officer (ARO) - JAKARTA,Jakarta
https://id.indeed.com/lihat-lowongan-kerja?jk=7173c9f6d371d75e,Sales,Jakarta
https://id.indeed.com/lihat-lowongan-kerja?jk=6ab408f25fa603a2,Technician Staff,Jakarta
https://id.indeed.com/lihat-lowongan-kerja?jk=ab6bafcbbaeccaaf,FIELD COLLECTION CIKARANG,Karawang
https://id.indeed.com/lihat-lowongan-kerja?jk=84511dcd55594b67,Business Development Manager - Indonesia,Jakarta
https://id.indeed.com/lihat-lowongan-kerja?jk=688729767eba5026,Marketing Agent Officer dan Credit Marketing Officer,Sukabumi
https://id.indeed.com/lihat-lowongan-kerja?jk=da43bb7d165b38bb,Sales Lapangan,Semarang
https://id.indeed.com/lihat-lowongan-kerja?jk=ddb9f77e734af800,Community Manager,Jakarta
https://id.indeed.com/lihat-lowongan-kerja?jk=fa554ebd84a4385b,General Manager - Stealth EduTech Venture,Jakarta
https://id.indeed.com/lihat-lowongan-kerja?jk=0b65d05f77d9bf24,Team Lead - Digibank Development Squad,Indonesia
https://id.indeed.com/lihat-lowongan-kerja?jk=9ba41cfc74fec871,FIELD COLLECTION CIBITUNG,Bekasi
https://id.indeed.com/lihat-lowongan-kerja?jk=9733d60db5e3a5a1,Faktur Agent Jakarta Selatan,Jakarta
https://id.indeed.com/lihat-lowongan-kerja?jk=4c8ea9d604bc3392,Front End Developer,Jakarta
https://id.indeed.com/lihat-lowongan-kerja?jk=a13d1f3e96967833,Sales Canvasser (Bojong Gede),Bogor
https://id.indeed.com/lihat-lowongan-kerja?jk=e863c2e88e665db6,Supevisor Engginering,Jakarta
https://id.indeed.com/lihat-lowongan-kerja?jk=c7f2cb8925cc05da,Creative Content Specialist,Jakarta
https://id.indeed.com/lihat-lowongan-kerja?jk=dd52ffafb9a5219a,Credit Marketing Officer,Bandung
https://id.indeed.com/lihat-lowongan-kerja?jk=c08c8f455dc323db,Sales Manager,Jakarta
https://id.indeed.com/lihat-lowongan-kerja?jk=4a451b8f67857c5e,Staf Purchasing,Jakarta
https://id.indeed.com/lihat-lowongan-kerja?jk=d1c555d0e9d87e1d,Sales Canvassing,Jakarta
https://id.indeed.com/lihat-lowongan-kerja?jk=4c00070e98c49720,salesman TO,Jakarta
https://id.indeed.com/lihat-lowongan-kerja?jk=4ca55130ccc89d4a,Intern Social Media,Jakarta
https://id.indeed.com/lihat-lowongan-kerja?jk=96a1e17684d6ff4a,SALES OFFICER - PONDOK CABE,Tangerang
https://id.indeed.com/lihat-lowongan-kerja?jk=2333794d122ea8dc,Creative Director,Jakarta
https://id.indeed.com/lihat-lowongan-kerja?jk=10c0852dc5a715c2,Area Manager,Bekasi
https://id.indeed.com/lihat-lowongan-kerja?jk=962f58391abcf6d0,Teknisi Lapangan FTTH (IKR) area Jakarta,Jakarta
https://id.indeed.com/lihat-lowongan-kerja?jk=977cc36920f99eb2,Staff Administrasi,Tangerang
https://id.indeed.com/lihat-lowongan-kerja?jk=877563d6d80b7ac3,"AR, COLECTOR, & SURVEYOR",Semarang
https://id.indeed.com/lihat-lowongan-kerja?jk=9243565b1e0d3caa,Project Specialist,Jakarta
https://id.indeed.com/lihat-lowongan-kerja?jk=36a3d19723e3b6d2,Access Engineer (Tangerang Selatan),Tangerang
https://id.indeed.com/lihat-lowongan-kerja?jk=f7a2d4b3df55d7bd,Staff Marketing,Karawang
https://id.indeed.com/lihat-lowongan-kerja?jk=da43bb7d165b38bb,Sales Lapangan,Semarang
https://id.indeed.com/lihat-lowongan-kerja?jk=ec8216d6513b8b33,Koordinator Counter Area,Bandung
https://id.indeed.com/lihat-lowongan-kerja?jk=5347175ce336e2e7,MARKETING,Kudus
https://id.indeed.com/lihat-lowongan-kerja?jk=10db30c7d41449d9,SALES MOTORIS PRODUK APLIKASI - AREA KABUPATEN BANDUNG & BAN...,Bandung
https://id.indeed.com/lihat-lowongan-kerja?jk=402621348ee0cce2,Marketing Officer,Garut
https://id.indeed.com/lihat-lowongan-kerja?jk=c28149144fde8430,KURIR,Malang
https://id.indeed.com/lihat-lowongan-kerja?jk=15a81b682571a9c4,Backend Developer,Jakarta
https://id.indeed.com/lihat-lowongan-kerja?jk=ad7899c8683ecd41,Agency Relationship Executive (Penempatan Sumbawa),Sumbawa Besar
https://id.indeed.com/lihat-lowongan-kerja?jk=d96346cdbb3e0b0c,Technical Support Project Chemical Cleaning Water Treatment,Tangerang
https://id.indeed.com/lihat-lowongan-kerja?jk=a818e531dca6cf77,TEKNISI BUILDING MAINTENANCE,Jakarta
https://id.indeed.com/lihat-lowongan-kerja?jk=d604c39c0625831b,Electronic Engineer (ET),Bandung
https://id.indeed.com/lihat-lowongan-kerja?jk=97995f5ffe39f5b9,Supervisor,Batam
https://id.indeed.com/lihat-lowongan-kerja?jk=7759c9d26eae6917,CMO Kayu Agung,South Sumatra
https://id.indeed.com/lihat-lowongan-kerja?jk=904d88f4f65202bd,"Account Officer (Madiun, Ngawi, Nganjuk, Jombang)",Ngawi
https://id.indeed.com/lihat-lowongan-kerja?jk=151f3325cc83fd99,Sales Officer,Padang
https://id.indeed.com/lihat-lowongan-kerja?jk=09541178129fa463,NET1 SALES OFFICER,Banda Aceh
https://id.indeed.com/lihat-lowongan-kerja?jk=432647cf6ec77fcc,Systems Engineer,Jakarta
https://id.indeed.com/lihat-lowongan-kerja?jk=deb68979f2e53674,SALES FURNITURE,Jakarta
https://id.indeed.com/lihat-lowongan-kerja?jk=89f57b3b190c4bdc,Marketing Alat Penunjang Kesehatan,Bekasi
https://id.indeed.com/lihat-lowongan-kerja?jk=2911698d52fbc30b,SALES TEAM LEADER - MALANG,Malang
https://id.indeed.com/lihat-lowongan-kerja?jk=9eb861083824b449,Country Head - System Integrator,Jakarta
https://id.indeed.com/lihat-lowongan-kerja?jk=5ed5add6ffb5a6c8,Cleaning Service,Bandung
https://id.indeed.com/lihat-lowongan-kerja?jk=ef53a2c699d8fb1f,"Kurir (Jaksel , Tangsel , Jaktim & Depok)",Jakarta
https://id.indeed.com/lihat-lowongan-kerja?jk=6510dfa133d8d38b,Marketing Digital Spesialis - Bogor,Bogor
https://id.indeed.com/lihat-lowongan-kerja?jk=5c15721ced212a67,REMEDIAL KETAPANG,Pontianak
https://id.indeed.com/lihat-lowongan-kerja?jk=d33778bba7fc95bc,Kolektor / Account Receivable Officer (ARO) - TALIWANG,West Nusa Tenggara
https://id.indeed.com/lihat-lowongan-kerja?jk=8d338a2bd26b40f8,Field Account Consultant - Banjarmasin,Banjarmasin
https://id.indeed.com/lihat-lowongan-kerja?jk=9094346b7e4ec20c,AGENT AKUISISI,Surabaya
https://id.indeed.com/lihat-lowongan-kerja?jk=6c4e6a99f60dc068,ACCOUNT OFFICER CABANG RENGASDENGKLOK,Karawang
https://id.indeed.com/lihat-lowongan-kerja?jk=7686779871994da7,Analis Kesehatan - Lampung Area,Bandar Lampung
https://id.indeed.com/lihat-lowongan-kerja?jk=0708b7b72a232d76,Sales Takng Order,Cirebon
https://id.indeed.com/lihat-lowongan-kerja?jk=90cdd9d719f2113a,Credit Marketing Officer,Cirebon
https://id.indeed.com/lihat-lowongan-kerja?jk=8b2c3640a2363c1f,REMEDIAL OFFICER - JATIBARANG INDRAMAYU XI.23,Indramayu
https://id.indeed.com/lihat-lowongan-kerja?jk=8300ea71ab0e3447,SAFETY OFFICER,Serang
https://id.indeed.com/lihat-lowongan-kerja?jk=a71df151967f9d25,Relationship & Development (R&D),Jakarta
https://id.indeed.com/lihat-lowongan-kerja?jk=93c1ec44c4819081,System Analyst,Jakarta
https://id.indeed.com/lihat-lowongan-kerja?jk=f0a160bcd907c8b6,SPO,Medan
https://id.indeed.com/lihat-lowongan-kerja?jk=d6d032323dcf7e49,Konsultan Pajak Senior,Jakarta
https://id.indeed.com/lihat-lowongan-kerja?jk=546b3d095c015459,Teknisi Instalasi Jaringan Internet,Jakarta
https://id.indeed.com/lihat-lowongan-kerja?jk=e1df509c770393fc,Teknisi,Yogyakarta
https://id.indeed.com/lihat-lowongan-kerja?jk=15936bdd74605f4e,Technical Support Staff,Kupang
https://id.indeed.com/lihat-lowongan-kerja?jk=6c7008a35bfb7af4,IOS Engineer,Jakarta
https://id.indeed.com/lihat-lowongan-kerja?jk=4dfcbea0e904387d,SALES PROMOTION REPRESENTATIVE (SPR) PANGKAL PINANG,Pangkalpinang
https://id.indeed.com/lihat-lowongan-kerja?jk=14ea136b977a7a6a,Intern UI UX Designer,Jakarta
https://id.indeed.com/lihat-lowongan-kerja?jk=169b42d0fa20b891,Sales Agent,Medan
https://id.indeed.com/lihat-lowongan-kerja?jk=571faf9c3dad52ce,Marketing (Remainder / Penagihan) Ketapang,Pontianak
https://id.indeed.com/lihat-lowongan-kerja?jk=44cae0baf654c73a,OS Developer,Jakarta
https://id.indeed.com/lihat-lowongan-kerja?jk=d7b9c59041551253,Kurir Motor - Mitra (Wilayah Cikupa dan sekitarnya),Tangerang
https://id.indeed.com/lihat-lowongan-kerja?jk=7865024ce57888b2,Account Officer Banten (AO),Tangerang
https://id.indeed.com/lihat-lowongan-kerja?jk=5bfff22829d6a492,Area Coordinator Sales - Bondowoso Area,Bondowoso
https://id.indeed.com/lihat-lowongan-kerja?jk=fde3b24507c14ccf,SALES OFFICER - KENDARI,Kendari
https://id.indeed.com/lihat-lowongan-kerja?jk=14423ba22e91a46b,Human Resources Business Partner,Jakarta
https://id.indeed.com/lihat-lowongan-kerja?jk=63af72dde70a8cfd,Warehouse Manager,Jakarta
https://id.indeed.com/lihat-lowongan-kerja?jk=4008f726090355f2,Offline Acquisitions Executive,Jakarta
https://id.indeed.com/lihat-lowongan-kerja?jk=dbd1dcddef9095a5,Area Coordinator (Jakarta Barat),Jakarta
https://id.indeed.com/lihat-lowongan-kerja?jk=1ff74ca0cdd0e237,Kolektor/ ARO AREA KARWANG,Karawang
https://id.indeed.com/lihat-lowongan-kerja?jk=762cc22c78d6456c,Marketing,Tangerang
https://id.indeed.com/lihat-lowongan-kerja?jk=a49f81611f2c8fdb,Sales / Marketing / Business Representative Jakarta Timur,Jakarta
https://id.indeed.com/lihat-lowongan-kerja?jk=8768663b7c61a488,FIELD COLECTION MANADO,Manado
https://id.indeed.com/lihat-lowongan-kerja?jk=cff1961da0fc59ca,Intern Customer Success,Jakarta
https://id.indeed.com/lihat-lowongan-kerja?jk=4640545060565631,Mitra Collection Meulaboh - Sumatera,Jakarta
https://id.indeed.com/lihat-lowongan-kerja?jk=c716670562e4c9aa,MARKETING EXECUTIVE,Serang
https://id.indeed.com/lihat-lowongan-kerja?jk=29c5d4b27cec84bf,Kolektor/ ARO - Mauk Tangerang,Tangerang
https://id.indeed.com/lihat-lowongan-kerja?jk=592b398721306959,Product Specialist (Marketing),Jakarta
https://id.indeed.com/lihat-lowongan-kerja?jk=ad2b2968f40d099a,Teknisi AC Perbaikan Berpengalaman Jakarta Selatan,Jakarta
https://id.indeed.com/lihat-lowongan-kerja?jk=efa27c7a437d6556,Account Executive (Area Tangerang),Tangerang
https://id.indeed.com/lihat-lowongan-kerja?jk=99bdbf0451896266,Talent & Organization Professional,Jakarta
https://id.indeed.com/lihat-lowongan-kerja?jk=40eb8909feca4051,Field Service Analyst(Trainer),Jakarta
https://id.indeed.com/lihat-lowongan-kerja?jk=02c07e5246879daa,Human Resources Department,Tangerang
https://id.indeed.com/lihat-lowongan-kerja?jk=6fd96592c6f8202a,Managed Services Engineer,Jakarta
https://id.indeed.com/lihat-lowongan-kerja?jk=956f1c8e762367b4,Sales Director (Indonesia),Jakarta
https://id.indeed.com/lihat-lowongan-kerja?jk=746270ed69d0d066,Sales Motoris - Cisarua Bogor,Bogor
https://id.indeed.com/lihat-lowongan-kerja?jk=eca5f8072aa83edf,UNIX/Linux C/C++ Programmer,Jakarta
https://id.indeed.com/lihat-lowongan-kerja?jk=8e7765036a961c6c,Intern Beauty Content Planner,Jakarta
https://id.indeed.com/lihat-lowongan-kerja?jk=584f1946d2948146,TEKNISI LAPANGAN,Jakarta
https://id.indeed.com/lihat-lowongan-kerja?jk=9b7d21afdcb56e60,Kolektor / Account Receivable Officer (ARO) - Cikarang,Jakarta
https://id.indeed.com/lihat-lowongan-kerja?jk=a5b160e2173e2889,Sales Representative,Jakarta
https://id.indeed.com/lihat-lowongan-kerja?jk=0e851098e6fa96d6,Managed Services Engineer,Jakarta
https://id.indeed.com/lihat-lowongan-kerja?jk=67a20f3947ecd0dd,PRODUCT SPECIALIST,Jakarta
https://id.indeed.com/lihat-lowongan-kerja?jk=6b6da03a95e37455,Data Science Consultant,Jakarta
https://id.indeed.com/lihat-lowongan-kerja?jk=da43bb7d165b38bb,Sales Lapangan,Semarang
https://id.indeed.com/lihat-lowongan-kerja?jk=eb8d8c1171217815,Marketing - Content Writer,Jakarta
https://id.indeed.com/lihat-lowongan-kerja?jk=f24029e6dc633670,Access Engineer,Tangerang
https://id.indeed.com/lihat-lowongan-kerja?jk=3249f8b94635c711,Kurir/ Delivery (CLOSED / Tidak ada lowongan),Jakarta
https://id.indeed.com/lihat-lowongan-kerja?jk=1cb4a99400e1c340,Database Specialist,Jakarta
https://id.indeed.com/lihat-lowongan-kerja?jk=f756a51b57fb1c32,Senior Executive - Group Claim Services,Jakarta
https://id.indeed.com/lihat-lowongan-kerja?jk=6768bf1a4481da87,STAFF PUBLIC RELATIONS (HUMAS),Bandar Lampung
https://id.indeed.com/lihat-lowongan-kerja?jk=81e679c526dd1864,Field Collection Kabupaten Tangerang,Tangerang
https://id.indeed.com/lihat-lowongan-kerja?jk=0d8694a0f85cfc4d,Video Editor,Jakarta
https://id.indeed.com/lihat-lowongan-kerja?jk=8d77bf99102d818c,Managed Services Engineer,Jakarta
https://id.indeed.com/lihat-lowongan-kerja?jk=7f423d6e95076814,MOTORIS / MASSENGER,Jember
https://id.indeed.com/lihat-lowongan-kerja?jk=4edf2f10b6e768c8,Sopir Perusahaan,Bantul
https://id.indeed.com/lihat-lowongan-kerja?jk=0dce81cb4b91a397,Social Safeguard Specialist,Bogor
https://id.indeed.com/lihat-lowongan-kerja?jk=94b36f0b03fc02bd,Alkes Sales Officer (Yogyakarta),Yogyakarta
https://id.indeed.com/lihat-lowongan-kerja?jk=d7a36a13b74a9fbe,Senior Software Developer,Jakarta
https://id.indeed.com/lihat-lowongan-kerja?jk=76161f0fcff59a10,REMEDIAL STAFF,Jakarta
https://id.indeed.com/lihat-lowongan-kerja?jk=15c1d0e239335744,Staff Pajak,Cimahi
https://id.indeed.com/lihat-lowongan-kerja?jk=20c678a11d86063b,"Program Officer, Hepatitis",Jakarta
https://id.indeed.com/lihat-lowongan-kerja?jk=072ff60e6261db66,Hydraulic Mechanical ( Jakarta Barat ),Jakarta
https://id.indeed.com/lihat-lowongan-kerja?jk=1344967685952a75,SALES SOFTWARE SPECIALIST,Indonesia
https://id.indeed.com/lihat-lowongan-kerja?jk=84ec2f773503ceb1,Accounting Project (Akuntan Proyek),Jakarta
https://id.indeed.com/lihat-lowongan-kerja?jk=b07dba74339071a9,Junior Journalist/Editor - INDONESIA,Jakarta
https://id.indeed.com/lihat-lowongan-kerja?jk=ddf49771209a555e,Kurir Sim C aktif,Jakarta
https://id.indeed.com/lihat-lowongan-kerja?jk=ad06f034ccc8992d,Merchandiser Modern Market Bogor,Jakarta
https://id.indeed.com/lihat-lowongan-kerja?jk=fdab038a719d49a8,Graduate Trainee Program (GTP) - Marketing,Jakarta
https://id.indeed.com/lihat-lowongan-kerja?jk=6be1ee476143ef8c,Messenger,Indonesia
https://id.indeed.com/lihat-lowongan-kerja?jk=ee65c8637e92baba,SURVEYOR,Bekasi
https://id.indeed.com/lihat-lowongan-kerja?jk=0e5e0b514014cbd8,Sales Merchandiser (MD),Jakarta
https://id.indeed.com/lihat-lowongan-kerja?jk=ac9e3e42e1423a49,ARHO - KARAWANG,Karawang
https://id.indeed.com/lihat-lowongan-kerja?jk=8b50358591a98cc8,Recruitment (Internship),Jakarta
https://id.indeed.com/lihat-lowongan-kerja?jk=f1f7036f04d752bb,Export Import Officer,Jakarta
https://id.indeed.com/lihat-lowongan-kerja?jk=6bd5d817e5fbd8a6,Staff Maintanance,Jakarta
https://id.indeed.com/lihat-lowongan-kerja?jk=a66dde7b4192b39e,Intern People Culture Staff,Jakarta
https://id.indeed.com/lihat-lowongan-kerja?jk=e84cde8e69f6d615,QS Officer,Jakarta
https://id.indeed.com/lihat-lowongan-kerja?jk=1823a50403aec42b,Caregiver Officer,Depok
https://id.indeed.com/lihat-lowongan-kerja?jk=92974098e4ca41b8,Account Associate (Jakarta Pusat),Jakarta
https://id.indeed.com/lihat-lowongan-kerja?jk=3097db06f02532fa,Direct Sales,Jakarta
https://id.indeed.com/lihat-lowongan-kerja?jk=96ed853cc1b6a7a8,Staf Operasional/Dispatcher,Cirebon
https://id.indeed.com/lihat-lowongan-kerja?jk=b25634088e2c1b36,Marketing Officer (KAR - MO) Pondok Indah,Jakarta
https://id.indeed.com/lihat-lowongan-kerja?jk=393143b23741c067,Sales Canvasser,Jakarta
https://id.indeed.com/lihat-lowongan-kerja?jk=f7fa940adff56214,Salesman,Tangerang
https://id.indeed.com/lihat-lowongan-kerja?jk=34c5078c9cf817e6,Office Messenger & Document Production,Jakarta
https://id.indeed.com/lihat-lowongan-kerja?jk=3f005ce8945be658,Rider/kurir e-commers,Karawang
https://id.indeed.com/lihat-lowongan-kerja?jk=afbcb999a27ba35f,Asisten Teknisi Pasang AC / Supir,Tangerang
https://id.indeed.com/lihat-lowongan-kerja?jk=76bf685a7773ba33,Karyawan Gudang,Tangerang
https://id.indeed.com/lihat-lowongan-kerja?jk=8d1e0946c48d1806,STAFF MARKETING (DIRECT SALES) XL MY HOME,Jakarta
https://id.indeed.com/lihat-lowongan-kerja?jk=93c732dbbcc0f73d,FIELD COLLECTION SERANG,Serang
https://id.indeed.com/lihat-lowongan-kerja?jk=04e4e982d9d54b07,Regulatory Advisor,Jakarta
https://id.indeed.com/lihat-lowongan-kerja?jk=7af246a6a0f33665,Field Collection Bogor barat leuwiliang ciampea jasinga cigu...,Bogor
https://id.indeed.com/lihat-lowongan-kerja?jk=a2220360d3aea9c9,Audit Staff,Jakarta
https://id.indeed.com/lihat-lowongan-kerja?jk=d87a7d44945994b4,Data Engineer,Jakarta
https://id.indeed.com/lihat-lowongan-kerja?jk=b0aaaac18a4735c8,Marketing Executive,Jakarta
https://id.indeed.com/lihat-lowongan-kerja?jk=020b31d3a77fec49,Intern Recruiter,Jakarta
https://id.indeed.com/lihat-lowongan-kerja?jk=801cac6030b04f2f,HR Recruiter,Jakarta
https://id.indeed.com/lihat-lowongan-kerja?jk=ad89e87ed3d5c256,Relationship Officer - Pangkalan Bun,Jakarta
https://id.indeed.com/lihat-lowongan-kerja?jk=5f13786485cafd4c,Marketing Mandiri (Pasar Jombang),Tangerang
https://id.indeed.com/lihat-lowongan-kerja?jk=2f236d7731ea624e,Courier / Messenger Wilayah Sukabumi,Sukabumi
https://id.indeed.com/lihat-lowongan-kerja?jk=5788b78935e443dc,National Coordinator – Indonesia,Jakarta
https://id.indeed.com/lihat-lowongan-kerja?jk=24e8135ef787156b,IOS Engineer,Jakarta
https://id.indeed.com/lihat-lowongan-kerja?jk=29fec6fa1a5aadf3,CMO SYANA - JAKARTA,Jakarta
https://id.indeed.com/lihat-lowongan-kerja?jk=aee35213a16f3210,Office Boy di Jakarta Barat,Jakarta
https://id.indeed.com/lihat-lowongan-kerja?jk=e838046d0bb25a4c,KURIR DELIVERY,Jakarta
https://id.indeed.com/lihat-lowongan-kerja?jk=8af7d1fd2b404255,Kolektor / Account Receivable Officer (ARO) - TANGERANG,Tangerang
https://id.indeed.com/lihat-lowongan-kerja?jk=6d152eaf6fe3e4d5,SPB Elektronik (Jakarta),Jakarta
https://id.indeed.com/lihat-lowongan-kerja?jk=ec057e2affc82f99,Sekretaris,Jakarta
https://id.indeed.com/lihat-lowongan-kerja?jk=0b112615b8d6882b,ACCOUNT OFFICER KPR,Tangerang
https://id.indeed.com/lihat-lowongan-kerja?jk=bb0c2a058f801912,Kurir Dokumen,Karawang
https://id.indeed.com/lihat-lowongan-kerja?jk=e16d1f62ba7ba1f4,Sales Kanvaser Aplikasi,Jakarta
https://id.indeed.com/lihat-lowongan-kerja?jk=5d9e9c32758a346a,Teknisi / Technician Jakarta Timur,Jakarta
https://id.indeed.com/lihat-lowongan-kerja?jk=1254571580e25b6d,Apple Developer (iOS) - Objective C & C++,Jakarta
https://id.indeed.com/lihat-lowongan-kerja?jk=c14aefd6d937cb30,Senior Executive – Agency Incentive Trip & Events Management,Jakarta
https://id.indeed.com/lihat-lowongan-kerja?jk=bee2f4aebc85526e,Executive - PRUmedial Operations,Jakarta
https://id.indeed.com/lihat-lowongan-kerja?jk=3fdb3396b8c7d67d,AREA MARKETING (MP),Jakarta
https://id.indeed.com/lihat-lowongan-kerja?jk=79a309afe0207469,Marketing Corporate Executive (MCE) Area Surabaya,Surabaya
https://id.indeed.com/lihat-lowongan-kerja?jk=c4d99bc95dc2f963,Mobility Consultant,Jakarta
https://id.indeed.com/lihat-lowongan-kerja?jk=76a8a46890398b46,Teknisi Fiber Optic,Denpasar
https://id.indeed.com/lihat-lowongan-kerja?jk=39e38e3d800bec61,Field Assistant (FA),Karawang
https://id.indeed.com/lihat-lowongan-kerja?jk=1333e2acb71fe15f,Sales Canvasser (Pamulang),Tangerang
https://id.indeed.com/lihat-lowongan-kerja?jk=1ead70ddde01e459,Sales Canvasser (Loa Janan - Samarinda),Samarinda
https://id.indeed.com/lihat-lowongan-kerja?jk=d3417ceb6ff0661c,Sales Jawa Tengah,Central Java
https://id.indeed.com/lihat-lowongan-kerja?jk=d0260fe5dbe7cb24,Team Leader Tax Management – Accounting Group,Jakarta
https://id.indeed.com/lihat-lowongan-kerja?jk=8988d25f87d92089,IT Programmer - C(sharp),Bandung
https://id.indeed.com/lihat-lowongan-kerja?jk=f27e823daa8dcdd7,Marketing Agency (Blitar),Blitar
https://id.indeed.com/lihat-lowongan-kerja?jk=39a19142ef6e9651,Staff Sales OTC,Jakarta
https://id.indeed.com/lihat-lowongan-kerja?jk=4b66969a4f6d5bb0,Graphic Designer,Jakarta
https://id.indeed.com/lihat-lowongan-kerja?jk=d5c20c8e447c61a8,Finance Analyst,Jakarta
https://id.indeed.com/lihat-lowongan-kerja?jk=a1767f644151992c,RPG Programmer,Tangerang
https://id.indeed.com/lihat-lowongan-kerja?jk=db9c22150abf1ced,SPG,Sumedang
https://id.indeed.com/lihat-lowongan-kerja?jk=a041e10755ea69a9,Sales Representative,Indonesia
https://id.indeed.com/lihat-lowongan-kerja?jk=3c472ac47723aca4,STAFF GA,Bekasi
https://id.indeed.com/lihat-lowongan-kerja?jk=2e8baf4992004b99,Sales,Bekasi
https://id.indeed.com/lihat-lowongan-kerja?jk=bdceaadf8575a07c,IT Implementation Executive,Jakarta
https://id.indeed.com/lihat-lowongan-kerja?jk=8176f00c64b58d30,Hardware Programmer,Jakarta
https://id.indeed.com/lihat-lowongan-kerja?jk=5a64d9e53b93dc44,Safety Officer,Indonesia
https://id.indeed.com/lihat-lowongan-kerja?jk=03bbc515af8b343b,Koordinator Sales penempatan solo,Surakarta
https://id.indeed.com/lihat-lowongan-kerja?jk=1dfae7f28badb9d9,Data Scientist,Tangerang
https://id.indeed.com/lihat-lowongan-kerja?jk=ba61817ae14eca5c,STAFF COLLECTION & RELATIONSHIP OFFICER (CRO),Indonesia
https://id.indeed.com/lihat-lowongan-kerja?jk=d40d8214764f0126,Settlement Officer,Jakarta
https://id.indeed.com/lihat-lowongan-kerja?jk=ae61685b7ca2563c,"Kepala, Staff Admin Keu & Marketing, Sales (Bandung)",Bandung
https://id.indeed.com/lihat-lowongan-kerja?jk=998fbf9211cbddaf,Area Sales Supervisor Serang,Jakarta
https://id.indeed.com/lihat-lowongan-kerja?jk=b11026ad9fb313a5,Kurir AnterAja,Banyuwangi
https://id.indeed.com/lihat-lowongan-kerja?jk=b39a69b4e7d38c3e,Kolektor Kasongan,Palangkaraya
https://id.indeed.com/lihat-lowongan-kerja?jk=91164d62119e1749,Field Assistant (FA),Jakarta
https://id.indeed.com/lihat-lowongan-kerja?jk=51f38884963b0d8f,Graphic Designer,Jakarta
https://id.indeed.com/lihat-lowongan-kerja?jk=d0114ea43631d188,Program Internship,Jakarta
https://id.indeed.com/lihat-lowongan-kerja?jk=5f72eb9d16ce286b,Senior Agronomist (SA) / Junior Agronomist (JA),Jakarta
https://id.indeed.com/lihat-lowongan-kerja?jk=a2135ab40c257608,Admin Design (PERBANKAN),Tangerang
https://id.indeed.com/lihat-lowongan-kerja?jk=da43bb7d165b38bb,Sales Lapangan,Semarang
https://id.indeed.com/lihat-lowongan-kerja?jk=3ba8b226f8842cb1,Promotor/MD Penempatan Majalengka,Majalengka
https://id.indeed.com/lihat-lowongan-kerja?jk=635bde7ea52e4e9b,"Technical Engineer (WTP, Cleaning Cooling Tower, Boiler, Chi...",Tangerang
https://id.indeed.com/lihat-lowongan-kerja?jk=7802985709aa19a4,Staff HRD compensation and benefit.,Yogyakarta
https://id.indeed.com/lihat-lowongan-kerja?jk=4450761f43a3660c,Head of Production,Cirebon
https://id.indeed.com/lihat-lowongan-kerja?jk=73f66364d76ca047,Dokter Umum UGD,Pasuruan
https://id.indeed.com/lihat-lowongan-kerja?jk=01b13f7d1bf74b41,PROGRAMMER MOBILE,Jakarta
https://id.indeed.com/lihat-lowongan-kerja?jk=c70f26683efa1573,Sales (Rice Commodity),Makassar
https://id.indeed.com/lihat-lowongan-kerja?jk=11dd6fffc9ca0413,Mitra Penjualan,Semarang
https://id.indeed.com/lihat-lowongan-kerja?jk=61774cea3372e59d,Business Development Executive,Jakarta
https://id.indeed.com/lihat-lowongan-kerja?jk=2982b9c38dabc9e7,Field Support,Denpasar
https://id.indeed.com/lihat-lowongan-kerja?jk=7bc56346e1ceeb2a,Project Supervisor,Indonesia
https://id.indeed.com/lihat-lowongan-kerja?jk=99eb29c9a1d0aca0,MR ( MEDICAL REPRESENTATIVE ),Bandung
https://id.indeed.com/lihat-lowongan-kerja?jk=c2680a1c6c55b62f,Contact Center Sales Specialist - Jakarta,Jakarta
https://id.indeed.com/lihat-lowongan-kerja?jk=759c8a82dc60f958,Koordinator SPG/SPM,Jakarta
https://id.indeed.com/lihat-lowongan-kerja?jk=5f97786ff11fb2bb,Staff Pengembalian Kerugian Piutang,Jakarta
https://id.indeed.com/lihat-lowongan-kerja?jk=e04c08af38da9c83,Staf Maintenance,Jakarta
https://id.indeed.com/lihat-lowongan-kerja?jk=d461cda33c6805be,Intern Project Planning,Jakarta
https://id.indeed.com/lihat-lowongan-kerja?jk=6e0ff022aa1a775c,Marketing Lending Officer,Tangerang
https://id.indeed.com/lihat-lowongan-kerja?jk=1765b49db8754942,ENGINEERING,Jakarta
https://id.indeed.com/lihat-lowongan-kerja?jk=85a164ded31736fc,Assistant Manager - Group Policy Services,Jakarta
https://id.indeed.com/lihat-lowongan-kerja?jk=bda0da0aa48bad74,Surveyor,Jakarta
https://id.indeed.com/lihat-lowongan-kerja?jk=f79b7d0a789d66e3,Finance – Accounting staff,Karawang
https://id.indeed.com/lihat-lowongan-kerja?jk=9f097b01c932c349,Supervisor Sales Jawa Barat,Bandung
https://id.indeed.com/lihat-lowongan-kerja?jk=42e66cf7c3db1fcc,Software Engineer,Jakarta
https://id.indeed.com/lihat-lowongan-kerja?jk=06a44b2712840316,Associate-Tax Services,Jakarta
https://id.indeed.com/lihat-lowongan-kerja?jk=9f8345130719f8f3,MEDICAL REPRESENTATIVE,Semarang
https://id.indeed.com/lihat-lowongan-kerja?jk=665c2dab17eb9445,Electrical Engineer,Tangerang
https://id.indeed.com/lihat-lowongan-kerja?jk=21cd333c1e6f5015,Kolektor,Jakarta
https://id.indeed.com/lihat-lowongan-kerja?jk=fd7d0451e9a4db9f,Application Implementor,Jakarta
https://id.indeed.com/lihat-lowongan-kerja?jk=9be4b3b2e52e988c,Leader Cleaning Service,Jakarta
https://id.indeed.com/lihat-lowongan-kerja?jk=fb7b7c8ac91ab253,Surveyor,Duri
https://id.indeed.com/lihat-lowongan-kerja?jk=a78dd806f38744a3,SALES EXECUTIVE JAKARTA,Jakarta
https://id.indeed.com/lihat-lowongan-kerja?jk=d08705a816ca4f3e,SALES CANVASER KARAWANG,Karawang
https://id.indeed.com/lihat-lowongan-kerja?jk=05c8f4d0bdacb2d4,VP Engineering,Jakarta
https://id.indeed.com/lihat-lowongan-kerja?jk=4583f2332e316cc6,Software Developer,Jakarta
https://id.indeed.com/lihat-lowongan-kerja?jk=8c0ab8292e23b924,Koordinator Area - Bandung,Bandung
https://id.indeed.com/lihat-lowongan-kerja?jk=f28714a561588fac,Project Manager,Jakarta
https://id.indeed.com/lihat-lowongan-kerja?jk=da43bb7d165b38bb,Sales Lapangan,Semarang
https://id.indeed.com/lihat-lowongan-kerja?jk=f0eab61323a24105,Content Planner,Jakarta
https://id.indeed.com/lihat-lowongan-kerja?jk=32c0802e660cd820,Credit Marketing Officer Tangerang,Tangerang
https://id.indeed.com/lihat-lowongan-kerja?jk=3b8f88c5a481194a,Backend Developer,Tangerang
https://id.indeed.com/lihat-lowongan-kerja?jk=13caf44fd52e3084,Mobile Engineer - iOS,Jakarta
https://id.indeed.com/lihat-lowongan-kerja?jk=4bc427ebd05bad34,Sales Officer,Karawang
https://id.indeed.com/lihat-lowongan-kerja?jk=9dfe67afc78594e4,Sales Executive (Jakarta Utara),Jakarta
https://id.indeed.com/lihat-lowongan-kerja?jk=e3ec827046fc73c9,Relationship Officer - Daan Mogot,Jakarta
https://id.indeed.com/lihat-lowongan-kerja?jk=a57ab44f44242fb7,Project Planning Specialist,Jakarta
https://id.indeed.com/lihat-lowongan-kerja?jk=5f7b9cd6e3ed19d0,Medical Representative,Jakarta
https://id.indeed.com/lihat-lowongan-kerja?jk=63da76480552fa13,Project Control / Management,Tangerang
https://id.indeed.com/lihat-lowongan-kerja?jk=d601fed0855db934,Task Force - TF MDS Penempatan Kuningan,Cirebon
https://id.indeed.com/lihat-lowongan-kerja?jk=e8ef9dd60be9529d,OS Developer,Jakarta
https://id.indeed.com/lihat-lowongan-kerja?jk=d295450f381aa33d,BTS Installer Trainee,Jakarta
https://id.indeed.com/lihat-lowongan-kerja?jk=9768db0599117d49,Sales Processor,Serang
https://id.indeed.com/lihat-lowongan-kerja?jk=6868dae41c6e0940,Sales Agent Indosat Im2 Area Depok,Depok
https://id.indeed.com/lihat-lowongan-kerja?jk=32d828a9ff557a03,Sales Merchandiser Bandung,Jakarta
https://id.indeed.com/lihat-lowongan-kerja?jk=3edcb308dc00a27d,Product Specialist (Surabaya),Jakarta
https://id.indeed.com/lihat-lowongan-kerja?jk=fdf0dc4410250bc9,Funding Officer,Tangerang
https://id.indeed.com/lihat-lowongan-kerja?jk=97fa6adb238bbbd0,Marketing Agent Officer Mobilku (MAO Mobil),Bandung
https://id.indeed.com/lihat-lowongan-kerja?jk=33c53cb4fb8816f9,Area Coordinator (TANGERANG),Tangerang
https://id.indeed.com/lihat-lowongan-kerja?jk=6f5819e69509694a,People Strategy Analytics Associate,Jakarta
https://id.indeed.com/lihat-lowongan-kerja?jk=05583856cda1800b,TECHNICAL SUPPORT ENGINEER,Jakarta
https://id.indeed.com/lihat-lowongan-kerja?jk=c9abc31974396834,Surveyor Claim MV,Jakarta
https://id.indeed.com/lihat-lowongan-kerja?jk=ef9972022dc60ba1,DISTRIBUTION DEVELOPMENT (DD),Jakarta
https://id.indeed.com/lihat-lowongan-kerja?jk=058532c4ebb46b45,Direct Sales / Door to Door Internet Service Provider,Jakarta
https://id.indeed.com/lihat-lowongan-kerja?jk=6feab4c978cf34e4,Product Executive,Jakarta
https://id.indeed.com/lihat-lowongan-kerja?jk=67171b753770ebbc,Merchandiser,Lamongan
https://id.indeed.com/lihat-lowongan-kerja?jk=22bea660756a0978,Senior Content Writer,Jakarta
https://id.indeed.com/lihat-lowongan-kerja?jk=09e3f59e80e627d5,Mobile Engineer,Jakarta
https://id.indeed.com/lihat-lowongan-kerja?jk=69c95af237553e5d,KOLEKTOR,Pontianak
https://id.indeed.com/lihat-lowongan-kerja?jk=ef35344988db8195,Telco Manager,Jakarta
https://id.indeed.com/lihat-lowongan-kerja?jk=e8923d3e1fb2b010,Messenger EXIM,Jakarta
https://id.indeed.com/lihat-lowongan-kerja?jk=edfa593da05cd466,Koordinator Lapangan,Surabaya
https://id.indeed.com/lihat-lowongan-kerja?jk=7fd24665bcf3de34,PIC Project Recruitment,Jakarta
https://id.indeed.com/lihat-lowongan-kerja?jk=95065d9fb877d931,Coordinator Lead Ahli K3 Konstruksi,Bekasi
https://id.indeed.com/lihat-lowongan-kerja?jk=8e95699e7b1de0ee,TEAM LEADER,Jakarta
https://id.indeed.com/lihat-lowongan-kerja?jk=a24079453b2d9bad,Merchandising Manager,Jakarta
https://id.indeed.com/lihat-lowongan-kerja?jk=8415ff4d139f6f6d,Driver,Jakarta
https://id.indeed.com/lihat-lowongan-kerja?jk=dbde820583f65fa1,Tax Supervisor,Jakarta
https://id.indeed.com/lihat-lowongan-kerja?jk=7e78bb48e770c391,Sales Executive,Jakarta
https://id.indeed.com/lihat-lowongan-kerja?jk=98e79c5bcd959727,Sales Representative,Tangerang
https://id.indeed.com/lihat-lowongan-kerja?jk=a679ec75099e601b,GRAPHIC DESIGNER,Jakarta
https://id.indeed.com/lihat-lowongan-kerja?jk=3dc64ff57d7d85da,Finance Tax Manager,Jakarta
https://id.indeed.com/lihat-lowongan-kerja?jk=7c60ff26669a3c34,TAX CONSULTANT,Jakarta
https://id.indeed.com/lihat-lowongan-kerja?jk=173d674df5213014,RnD Junior Electronic Engineer,Salatiga
https://id.indeed.com/lihat-lowongan-kerja?jk=ed4c624d11108a0c,Sales Director,Jakarta
https://id.indeed.com/lihat-lowongan-kerja?jk=5558ec28610ae579,Sales - Yogyakarta,Yogyakarta
https://id.indeed.com/lihat-lowongan-kerja?jk=7ae65c62619260a0,CRO REVIEWER,Indonesia
https://id.indeed.com/lihat-lowongan-kerja?jk=324e694579b12ee9,Business Development Representative,Jakarta
https://id.indeed.com/lihat-lowongan-kerja?jk=c1a29daa2d2dfcd3,Marketing Funding,Jakarta
https://id.indeed.com/lihat-lowongan-kerja?jk=5f9607a8cc76bd22,Sales Consultant (Project Division),Jakarta
https://id.indeed.com/lihat-lowongan-kerja?jk=483e61ab7c6b94ec,Mitra Collection Pematang Siantar- Sumatera,Jakarta
https://id.indeed.com/lihat-lowongan-kerja?jk=17167ad919c95558,Marketing Restoran Menu Chinese Food Non Halal,Tangerang
https://id.indeed.com/lihat-lowongan-kerja?jk=2fe60cffdda7f807,Staff Accounting,Tangerang
https://id.indeed.com/lihat-lowongan-kerja?jk=c73d913520e761c2,AR Officer (ARO),Jakarta
https://id.indeed.com/lihat-lowongan-kerja?jk=2e462caca1cfbfaf,Sales Operation Executive - Tangerang Selatan,Jakarta
https://id.indeed.com/lihat-lowongan-kerja?jk=7ef43cf539f9b6b5,Account Manager,Jakarta
https://id.indeed.com/lihat-lowongan-kerja?jk=ac3b4bd5da5f4e3c,PROJECT MANAGER,Jakarta
https://id.indeed.com/lihat-lowongan-kerja?jk=722dfffbea863552,Embedded System Engineer,Bekasi
https://id.indeed.com/lihat-lowongan-kerja?jk=42b3f1c90eea67d6,KOORDINATOR SALES,Kebumen
https://id.indeed.com/lihat-lowongan-kerja?jk=18276a9753d865b9,Guru Matematika Sakamoto Jabodetabek,Tangerang
https://id.indeed.com/lihat-lowongan-kerja?jk=070b9150f2f3081b,COLLECTION,Jakarta
https://id.indeed.com/lihat-lowongan-kerja?jk=12563e3a610a9794,Spv Pajak/ Tax SPv,Surabaya
https://id.indeed.com/lihat-lowongan-kerja?jk=7a4efb9a78beb8ac,Admin Staff (Bidang Properti),Bekasi
https://id.indeed.com/lihat-lowongan-kerja?jk=66cdcbe1421dd44c,Teknisi - Cirebon,Cirebon
https://id.indeed.com/lihat-lowongan-kerja?jk=79f4de77ede8324f,Project Manager,Jakarta
https://id.indeed.com/lihat-lowongan-kerja?jk=1bbf8497c7b9f3ad,Intern Video Editor,Jakarta
https://id.indeed.com/lihat-lowongan-kerja?jk=da43bb7d165b38bb,Sales Lapangan,Semarang
https://id.indeed.com/lihat-lowongan-kerja?jk=dee14512ab1b9ff3,SALES EXECUTIVE (Experienced),Jakarta
https://id.indeed.com/lihat-lowongan-kerja?jk=aee40ad8a49b70be,Kolektor,Surakarta
https://id.indeed.com/lihat-lowongan-kerja?jk=644d7eabab5270f3,Strategic Solutions Lead,Jakarta
https://id.indeed.com/lihat-lowongan-kerja?jk=9575e396da737227,Kolektor,Medan
https://id.indeed.com/lihat-lowongan-kerja?jk=c3d2f47540398458,Marketing Perguruan Tinggi Swasta,Tangerang
https://id.indeed.com/lihat-lowongan-kerja?jk=b63bf8d7d39add56,SALES TAKING ORDER,Tangerang
https://id.indeed.com/lihat-lowongan-kerja?jk=da43bb7d165b38bb,Sales Lapangan,Semarang
https://id.indeed.com/lihat-lowongan-kerja?jk=8e6bcd815684fc96,Agency Relation Executive,Tasikmalaya
https://id.indeed.com/lihat-lowongan-kerja?jk=af792dace350ccc1,Sales Banjarmasin,Banjarmasin
https://id.indeed.com/lihat-lowongan-kerja?jk=3a4519d12e4dcac3,Salesman,Jakarta
https://id.indeed.com/lihat-lowongan-kerja?jk=8c280ea4eaac2d86,KURIR,Tangerang
https://id.indeed.com/lihat-lowongan-kerja?jk=9018daf6ead3db9f,Account Officer,Jakarta
https://id.indeed.com/lihat-lowongan-kerja?jk=9e685556d42dc3d0,Helper Distributor,Jakarta
https://id.indeed.com/lihat-lowongan-kerja?jk=c99749975854a4f2,Client Manager Healthcare,Jakarta
https://id.indeed.com/lihat-lowongan-kerja?jk=e2464015b0ca2078,SALES EXECUTIVE (Fresh Graduate),Jakarta
https://id.indeed.com/lihat-lowongan-kerja?jk=2db9d2e6b06213d5,MARKETING,Jakarta
https://id.indeed.com/lihat-lowongan-kerja?jk=0a81f04f0310c064,"Koordinator Marketing Cabang Ciawi,Kab. Tasikmalaya",Tasikmalaya
https://id.indeed.com/lihat-lowongan-kerja?jk=f3d354fdc182b693,Chief Technical Officer,Jakarta
https://id.indeed.com/lihat-lowongan-kerja?jk=f131d80596e98c87,DX KEY ACCOUNT MANAGER,Jakarta
https://id.indeed.com/lihat-lowongan-kerja?jk=624821724751fc2b,AGEN AKUISISI,Kediri
https://id.indeed.com/lihat-lowongan-kerja?jk=e4385db783b7a271,Teknisi Jaringan & IT,Bandung
https://id.indeed.com/lihat-lowongan-kerja?jk=669115acdc19eb34,photographer,Surabaya
https://id.indeed.com/lihat-lowongan-kerja?jk=fcc131d5c9987fdf,Account Executive,Jakarta
https://id.indeed.com/lihat-lowongan-kerja?jk=2e6fc9022b182525,iOS Developer,Jakarta
https://id.indeed.com/lihat-lowongan-kerja?jk=18f16f9c778b4315,Canvasser Server Pulsa,Jakarta
https://id.indeed.com/lihat-lowongan-kerja?jk=540486afffb2f357,KURIR,Sampang
https://id.indeed.com/lihat-lowongan-kerja?jk=fd5440d9e8a0c512,Front-End Developer,West Java
https://id.indeed.com/lihat-lowongan-kerja?jk=dcad1510b593d350,GroupM Services | Biddable Lead,Jakarta
https://id.indeed.com/lihat-lowongan-kerja?jk=fd68aad76e5a25a6,Sales,Jakarta
https://id.indeed.com/lihat-lowongan-kerja?jk=e588c54b2d18dacb,Teknisi AC,Jakarta
https://id.indeed.com/lihat-lowongan-kerja?jk=aabd8d0d4daf461c,Sales Canvasser - Penempatan Karawang,Karawang
https://id.indeed.com/lihat-lowongan-kerja?jk=525e561180686903,OPERATION,Jakarta
https://id.indeed.com/lihat-lowongan-kerja?jk=ea56e7ac0df61bfb,Field Collector Area CIREBON,Cirebon
https://id.indeed.com/lihat-lowongan-kerja?jk=06ec93760c32ef38,Account Executive / AE,Jakarta
https://id.indeed.com/lihat-lowongan-kerja?jk=1c1a1930237625bd,"Field Sales Representative, Education, Public Sector, Google...",Jakarta
https://id.indeed.com/lihat-lowongan-kerja?jk=20c71d33c34d488a,CRO DEPOK,Depok
https://id.indeed.com/lihat-lowongan-kerja?jk=e41066c6b3356f57,PROJECT SUPERVISOR,Bandung
https://id.indeed.com/lihat-lowongan-kerja?jk=c0c2a10916372cde,Kolektor/ ARO AREA SUKABUMI,Sukabumi
https://id.indeed.com/lihat-lowongan-kerja?jk=11595c530b250317,Sales Project,Jakarta
https://id.indeed.com/lihat-lowongan-kerja?jk=897357e71e7594ea,QC Engineer,Jakarta
https://id.indeed.com/lihat-lowongan-kerja?jk=cc62a355b2a4b36b,"Mikro Kredit Sales (KYAI TAPA, JAKBAR)",Jakarta
https://id.indeed.com/lihat-lowongan-kerja?jk=887020d7c5a772be,Sales Executive,Jakarta
https://id.indeed.com/lihat-lowongan-kerja?jk=dfe2b4987cdd1a40,Business Solution Manager,Jakarta
https://id.indeed.com/lihat-lowongan-kerja?jk=b9b6ef818d719d82,Business Consultan,Bekasi
https://id.indeed.com/lihat-lowongan-kerja?jk=2509217d7309ff05,Web Developer,Jakarta
https://id.indeed.com/lihat-lowongan-kerja?jk=9c54e61f4bfcdd8c,Staff Administrasi Filling,Surabaya
https://id.indeed.com/lihat-lowongan-kerja?jk=20404f53a91221a1,Periset dan Penulis Artikel Perpajakan,Jakarta
https://id.indeed.com/lihat-lowongan-kerja?jk=c2dac5c87be43721,"Country Legal Counsel, Indonesia",Jakarta
https://id.indeed.com/lihat-lowongan-kerja?jk=154324311a77149b,Web Programmer PHP,Jakarta
https://id.indeed.com/lihat-lowongan-kerja?jk=62f2fd61b0cb5a28,Sales Eksekutif,Depok
https://id.indeed.com/lihat-lowongan-kerja?jk=5a9f754a4820e064,Field Collector,Lubuklinggau
https://id.indeed.com/lihat-lowongan-kerja?jk=ccc4b691cc011eb1,Telemarketing,Jakarta
https://id.indeed.com/lihat-lowongan-kerja?jk=d945cd14ab5a1818,"Kurir (Penempatan Pondok Pinang, Pengantaran Wilayah Jakarta...",Jakarta
https://id.indeed.com/lihat-lowongan-kerja?jk=91f17bed026f625d,Client Manager Healthcare,Jakarta
https://id.indeed.com/lihat-lowongan-kerja?jk=86d3d2391bceffea,Sales Associate (Jakarta),Jakarta
https://id.indeed.com/lihat-lowongan-kerja?jk=f474fdc97d18f32a,Field Collection Aceh,Banda Aceh
https://id.indeed.com/lihat-lowongan-kerja?jk=92921e3d5fa00c32,Senior iOS Engineer,Jakarta
https://id.indeed.com/lihat-lowongan-kerja?jk=bae1b0c229c88a0e,Account Executive (Jawa Barat),West Java
https://id.indeed.com/lihat-lowongan-kerja?jk=314bfc89a326fa12,Merchandiser Pekanbaru,Pekanbaru
https://id.indeed.com/lihat-lowongan-kerja?jk=d6355273a49a29d6,"Mitra Collection Garut, Tasikmalaya, Banjar",Garut
https://id.indeed.com/lihat-lowongan-kerja?jk=6146b08504e03e3a,Sales Executive (Bandung),Bandung
https://id.indeed.com/lihat-lowongan-kerja?jk=066797565e0eb48d,Sales Canvasser Area Semarang dan Karanganyar Jawa Tengah,Central Java
https://id.indeed.com/lihat-lowongan-kerja?jk=6743ce7c431abd32,Administrasi & Helper,Bandung
https://id.indeed.com/lihat-lowongan-kerja?jk=786e3ee0e6269d73,Sales (Furniture),Jakarta
https://id.indeed.com/lihat-lowongan-kerja?jk=187636b5e2f8f6e7,Marketing Solar Panel,Denpasar
https://id.indeed.com/lihat-lowongan-kerja?jk=d59da5d3be4cdf0f,Sales Representative EDC,Surabaya
https://id.indeed.com/lihat-lowongan-kerja?jk=52fdcfc46237581b,SUPERVISOR,Malang
https://id.indeed.com/lihat-lowongan-kerja?jk=85cadb75205994b6,REMEDIAL OFFICER - MAJALENGKA KUNINGAN JABAR XI.23,Majalengka
https://id.indeed.com/lihat-lowongan-kerja?jk=bffe740182ff213c,Software Engineer – Back End Developer,Jakarta
https://id.indeed.com/lihat-lowongan-kerja?jk=bae4996cf7bbb7ec,Sales Engineer,Bandung
https://id.indeed.com/lihat-lowongan-kerja?jk=361fa89a0957b51a,Mitra Collection Kebumen ( Jateng ),Cilacap
https://id.indeed.com/lihat-lowongan-kerja?jk=5d5b8ba578ff202b,"Marketing Rumah Sakit, Puskesmas dan Klinik",Bekasi
https://id.indeed.com/lihat-lowongan-kerja?jk=1116c4bf1f47f074,Team Leader SPG,Jakarta
https://id.indeed.com/lihat-lowongan-kerja?jk=ed3a3026e964d47f,Software Programmer,Jakarta
https://id.indeed.com/lihat-lowongan-kerja?jk=87c30aeb71135653,DIRECT SALES ( XL MY HOME),Bekasi
https://id.indeed.com/lihat-lowongan-kerja?jk=6fe2ed4781868877,Sales Administration Staff - Palangkaraya,Palangkaraya
https://id.indeed.com/lihat-lowongan-kerja?jk=ea07f1a43952f887,Marketing Consultant Staff,Sleman
https://id.indeed.com/lihat-lowongan-kerja?jk=63737a322f36c301,Lowongan Kerja Administrasi Penjualan Surabaya-Jatim,Surabaya
https://id.indeed.com/lihat-lowongan-kerja?jk=c7ec831b3037228f,sales,Bandung
https://id.indeed.com/lihat-lowongan-kerja?jk=7527b27ac9b56b05,CMO - CIREBON,Cirebon
https://id.indeed.com/lihat-lowongan-kerja?jk=ea42ff918964215f,SALES FURNITURE,Jakarta
https://id.indeed.com/lihat-lowongan-kerja?jk=10fcfac85a058dab,Sales Representative Susu Bubuk,Yogyakarta
https://id.indeed.com/lihat-lowongan-kerja?jk=c1edae11a06aefe5,Account Executive Jakarta,Jakarta
https://id.indeed.com/lihat-lowongan-kerja?jk=59bac031871123f6,SALES REPRESENTATIVE,Jakarta
https://id.indeed.com/lihat-lowongan-kerja?jk=522da4d432eb9547,General Administration Staff,Surabaya
https://id.indeed.com/lihat-lowongan-kerja?jk=ade03fefe748a2bb,Installer IKR,Badung
https://id.indeed.com/lihat-lowongan-kerja?jk=ff598829e4860dc9,ACCOUNT RECEIVABLE OFFICER,Tulungagung
https://id.indeed.com/lihat-lowongan-kerja?jk=79a122956edff3b6,"Kurir Motor (Cirebon, Indramayu, Kuningan, Majalengka)",West Java
https://id.indeed.com/lihat-lowongan-kerja?jk=bae9d8336652f5c9,Credit Marketing Officer (CMO) Mobilku,Medan
https://id.indeed.com/lihat-lowongan-kerja?jk=fa85030908b04217,Sales,Jakarta
https://id.indeed.com/lihat-lowongan-kerja?jk=1d7ec2548ea5f007,Marketing Agency Relationship Executive (ARE) Motor/Mobil,Jakarta
https://id.indeed.com/lihat-lowongan-kerja?jk=fc158fe75c88636c,Desain Grafis,Medan
https://id.indeed.com/lihat-lowongan-kerja?jk=069a6fcc1a543878,"Sales Motoris - Jawa Barat (Bandung, Cirebon, Purwakarta)",Bandung
https://id.indeed.com/lihat-lowongan-kerja?jk=ac87c3bac82f97fc,Mitra Kurir Motor ( Cikupa ),Tangerang
https://id.indeed.com/lihat-lowongan-kerja?jk=243b4eb0bbc175a0,Back End Developer – Programmer,Jakarta
https://id.indeed.com/lihat-lowongan-kerja?jk=34696d50b15e3819,Kolektor Lapangan area Buleleng,Singaraja
https://id.indeed.com/lihat-lowongan-kerja?jk=9669fa267a5331a0,Sales Executive (Battery Division),Jakarta
https://id.indeed.com/lihat-lowongan-kerja?jk=e2d53bccb9b5de49,Sales Canvasser (Goa Ria),Makassar
https://id.indeed.com/lihat-lowongan-kerja?jk=4e197202327c440d,Field Collection (KAR - FC) Bukit Kemuning,Lampung
https://id.indeed.com/lihat-lowongan-kerja?jk=da43bb7d165b38bb,Sales Lapangan,Semarang
https://id.indeed.com/lihat-lowongan-kerja?jk=d6f6a001b04fcaaf,Agency Relationship Executive (Penempatan Gianyar),Gianyar
https://id.indeed.com/lihat-lowongan-kerja?jk=406b28c4bb0038ea,Sales Executive,Jakarta
https://id.indeed.com/lihat-lowongan-kerja?jk=46776f4b840fd974,Customer Relation,Jakarta
https://id.indeed.com/lihat-lowongan-kerja?jk=852c46ca9bc454f7,Cleaning Service Berkesempatan Belajar Dari Asisten Tekhnisi,Bekasi
https://id.indeed.com/lihat-lowongan-kerja?jk=17c1df8c353c3bb2,Sales Engineer,Surabaya
https://id.indeed.com/lihat-lowongan-kerja?jk=4417a74a5e9b08a2,Lowongan Kerja Administrasi Gudang Surabaya-Jatim,Surabaya
https://id.indeed.com/lihat-lowongan-kerja?jk=18303420155492ea,"Mitra Collection Depok Raya (Depok, Cimanggis , Sawangan)",Depok
https://id.indeed.com/lihat-lowongan-kerja?jk=da43bb7d165b38bb,Sales Lapangan,Semarang
https://id.indeed.com/lihat-lowongan-kerja?jk=34bdbab2720122f3,Senior Tester,Indonesia
https://id.indeed.com/lihat-lowongan-kerja?jk=c0f55f1ce7aa44da,"Staf Collector cabang Ujung Berung, Bandung",Bandung
https://id.indeed.com/lihat-lowongan-kerja?jk=5040b65130683438,Account Associate (Tangerang),Tangerang
https://id.indeed.com/lihat-lowongan-kerja?jk=dc7c13da5a83ced8,"Sales Indosat IM2, Jakarta",Jakarta
https://id.indeed.com/lihat-lowongan-kerja?jk=0fcd1b301226e880,Sales Canvasser - Jakarta,Jakarta
https://id.indeed.com/lihat-lowongan-kerja?jk=0b8cfc6d935ed723,Software QA - Automation,Jakarta
https://id.indeed.com/lihat-lowongan-kerja?jk=ff2539967d5b24b0,Salesman,Tangerang
https://id.indeed.com/lihat-lowongan-kerja?jk=45a4ff51f05716e5,Operational Manager,Jakarta
https://id.indeed.com/lihat-lowongan-kerja?jk=18d8df98b0c90729,Asmen Marketing,Yogyakarta
https://id.indeed.com/lihat-lowongan-kerja?jk=5f954a3e6541a006,Backend Engineer – API and Data Processing,Jakarta
https://id.indeed.com/lihat-lowongan-kerja?jk=fb9cbd4350b2e34f,SALES ENGINEERING,Jakarta
https://id.indeed.com/lihat-lowongan-kerja?jk=497cd81583a8a0d7,PEST CONTROL,Bandung
https://id.indeed.com/lihat-lowongan-kerja?jk=5d17915f9c9dcb7b,Credit Marketing Officer Motor Baru Cikupa,Tangerang
https://id.indeed.com/lihat-lowongan-kerja?jk=cbb0147ec4e85381,Database Development Engineer,Bekasi
https://id.indeed.com/lihat-lowongan-kerja?jk=ace831892657d16f,Staf accounting,Jakarta
https://id.indeed.com/lihat-lowongan-kerja?jk=420f9f4ed032986f,Finance Accounting Support,Jakarta
https://id.indeed.com/lihat-lowongan-kerja?jk=9dbdc91128abbaed,Purchasing Staff (Buyer),Jakarta
https://id.indeed.com/lihat-lowongan-kerja?jk=1d94eb0f270652d4,iOS Developer,Jakarta
https://id.indeed.com/lihat-lowongan-kerja?jk=fdf17a8dd6b7c12c,Branch Manager Individual Landing,Bandung
https://id.indeed.com/lihat-lowongan-kerja?jk=c1e9d49c46ee7385,KOORDINATOR MARKETING,Semarang
https://id.indeed.com/lihat-lowongan-kerja?jk=503f3a25046802c2,Mitra Collection Binjai - Sumatera,Binjai
https://id.indeed.com/lihat-lowongan-kerja?jk=c479d8b5e556d2cf,.NET PROGRAMMER,Jakarta
https://id.indeed.com/lihat-lowongan-kerja?jk=6c56471fbc5001ef,Sales Canvasing / Merchandiser,Yogyakarta
https://id.indeed.com/lihat-lowongan-kerja?jk=bd93918d6f67ca3a,ELECTRICAL/SALES ENGINEER,Jakarta
https://id.indeed.com/lihat-lowongan-kerja?jk=655e5c1cc9d8a8b9,IT SUPPORT & GA,Jakarta
https://id.indeed.com/lihat-lowongan-kerja?jk=57c5daf7abc6c181,Agency Relationship Executive (Penempatan Lombok Barat),Lombok
https://id.indeed.com/lihat-lowongan-kerja?jk=94738df91aa7d561,SALES ENGINEER,Tangerang
https://id.indeed.com/lihat-lowongan-kerja?jk=c9c2454a10441dce,CFO,Jakarta
https://id.indeed.com/lihat-lowongan-kerja?jk=9ff6fa71c00860d5,Mitra Kurir ( Jakarta Selatan & Tangsel ),Jakarta
https://id.indeed.com/lihat-lowongan-kerja?jk=157a1d77ff5a3f12,ACCOUNT PAYABLE,Denpasar
https://id.indeed.com/lihat-lowongan-kerja?jk=e5101d95c8bb6bbf,"Mitra Collection Banten Raya (Rangkas Bitung,Serang,Cilegon)",Banten
https://id.indeed.com/lihat-lowongan-kerja?jk=218e39ebf00f535a,ELITE Operational Division | Management Trainee (MT-OP),Yogyakarta
https://id.indeed.com/lihat-lowongan-kerja?jk=ce010d99961f807d,Staff Marketing,Surabaya
https://id.indeed.com/lihat-lowongan-kerja?jk=45273397c03837a1,Medical Representative Tasik Garut,Tasikmalaya
https://id.indeed.com/lihat-lowongan-kerja?jk=4b77fe009815c667,Field Collector,Tegal
https://id.indeed.com/lihat-lowongan-kerja?jk=51ee5c2409b2ec42,Digital Business Officer ( DBO ),Depok
https://id.indeed.com/lihat-lowongan-kerja?jk=f2963b1dc94d763d,Installer (Battery Division),Jakarta
https://id.indeed.com/lihat-lowongan-kerja?jk=0a040d0069088f24,Account Executive Corporate Wahana Express,Jakarta
https://id.indeed.com/lihat-lowongan-kerja?jk=162433109ff51afd,Kurir Motor (Cikupa),Tangerang
https://id.indeed.com/lihat-lowongan-kerja?jk=f54db6e56cdc6b73,PROJECT SECRETARY,Jakarta
https://id.indeed.com/lihat-lowongan-kerja?jk=d126099d63e3839d,"Senior Software Engineer, Backend",Jakarta
https://id.indeed.com/lihat-lowongan-kerja?jk=fc3c5142e5224afb,Account Manager,Jakarta
https://id.indeed.com/lihat-lowongan-kerja?jk=5e811209f122b2e6,TENTOR/PENGAJAR,Bandung
https://id.indeed.com/lihat-lowongan-kerja?jk=424e26cd882faa9b,SALES OFFICER - WTC Mangga Dua,Jakarta
https://id.indeed.com/lihat-lowongan-kerja?jk=1e45ef303a756626,TEAM LEADER (MO),Bandung
https://id.indeed.com/lihat-lowongan-kerja?jk=3aaf7dd0b10fa44e,REMEDIAL OFFICER - TASIKMALAYA JABAR,Tasikmalaya
https://id.indeed.com/lihat-lowongan-kerja?jk=04f8c4cc45caddcd,SALESMAN RETAIL,Jakarta
https://id.indeed.com/lihat-lowongan-kerja?jk=92c2f2bea70236b6,C Developer,Jakarta
https://id.indeed.com/lihat-lowongan-kerja?jk=1da2c99a2736eab2,Territory Client Sales-Associate Partner,Indonesia
https://id.indeed.com/lihat-lowongan-kerja?jk=9e3b359061690a64,Mitra Collection Kisaran,Jakarta
https://id.indeed.com/lihat-lowongan-kerja?jk=2a3d192d1fb03e2f,Intern Graphic Designer,Jakarta
https://id.indeed.com/lihat-lowongan-kerja?jk=c26c9250bcd6b0ef,DIRECT SALES,Jakarta
https://id.indeed.com/lihat-lowongan-kerja?jk=a3996e385f52135e,"Staf Surveyor cabang Ujung Berung, Bandung",Bandung
https://id.indeed.com/lihat-lowongan-kerja?jk=0b6339cc53be1893,Junior Auditor (JA),Jakarta
https://id.indeed.com/lihat-lowongan-kerja?jk=c1cbac26a3deff1b,Teknisi Jaringan (Lapangan),Denpasar
https://id.indeed.com/lihat-lowongan-kerja?jk=ca48e39f2f90081e,Intern Public Relations,Jakarta
https://id.indeed.com/lihat-lowongan-kerja?jk=5dcc06b2f2d1856f,Game Developer,East Java
https://id.indeed.com/lihat-lowongan-kerja?jk=e899e79ec58a01db,UI UX Designer,Jakarta
https://id.indeed.com/lihat-lowongan-kerja?jk=fa25176dc34c2253,Assistant Supervisor,Bandar Lampung
https://id.indeed.com/lihat-lowongan-kerja?jk=de054cdd4a94e108,SALES,Jakarta
https://id.indeed.com/lihat-lowongan-kerja?jk=20f7fd536f667f97,SALES GROSIR,Surabaya
https://id.indeed.com/lihat-lowongan-kerja?jk=9c83388724d1c8ec,Staff Penilai,Jakarta
https://id.indeed.com/lihat-lowongan-kerja?jk=ca9fc1447e4b78fb,Kolektor / Account Receivable Officer (ARO) - TANGERANG (MAU...,Tangerang
https://id.indeed.com/lihat-lowongan-kerja?jk=3c23b639b60b6a9f,Public Relations Executive,Jakarta
https://id.indeed.com/lihat-lowongan-kerja?jk=41b7af54c13a5776,Senior IOS Engineer,Jakarta
https://id.indeed.com/lihat-lowongan-kerja?jk=ff89ce38fae0da3c,Maintenance & Teknik Listrik,Majalengka
https://id.indeed.com/lihat-lowongan-kerja?jk=7e4879dbb3bc4dcb,SALES OFFICER - MEDAN III BINJAI,Medan
https://id.indeed.com/lihat-lowongan-kerja?jk=da43bb7d165b38bb,Sales Lapangan,Semarang
https://id.indeed.com/lihat-lowongan-kerja?jk=1fccd0dc47fde2fd,Kolektor,Medan
https://id.indeed.com/lihat-lowongan-kerja?jk=3f82ece6be335744,TECHNICAL,Jakarta
https://id.indeed.com/lihat-lowongan-kerja?jk=8a598b4bb11a5e71,SALES EKSEKUTIF KEBUMEN,West Java
https://id.indeed.com/lihat-lowongan-kerja?jk=22edc69aec839a96,Pre Sales Consultant,Jakarta
https://id.indeed.com/lihat-lowongan-kerja?jk=bbbc49b8c3fd864c,Part Timer - Lubuk Linggau,Bengkulu
https://id.indeed.com/lihat-lowongan-kerja?jk=c17326f05d079ff5,MARKETING,Bogor
https://id.indeed.com/lihat-lowongan-kerja?jk=33283fd3bf5cc24e,Sales Rempah dan Hasil Bumi Jakarta,Jakarta
https://id.indeed.com/lihat-lowongan-kerja?jk=4242531d5f8f3655,FIELD COLLECTION,Palembang
https://id.indeed.com/lihat-lowongan-kerja?jk=456e7e0c6eb10959,Salesman Jabodetabek,Jakarta
https://id.indeed.com/lihat-lowongan-kerja?jk=60b700e2d9a0db79,Sales - Gunung Kidul,Yogyakarta
https://id.indeed.com/lihat-lowongan-kerja?jk=08c1b2a02eab0e0d,Office Boy,Sidoarjo
https://id.indeed.com/lihat-lowongan-kerja?jk=d17d2890830e6ac5,Client Manager Healthcare,Jakarta
https://id.indeed.com/lihat-lowongan-kerja?jk=c3984310c2ab1bf5,Staff Unit Universitas Swasta ( Wilayah Bumiayu ),Brebes
https://id.indeed.com/lihat-lowongan-kerja?jk=fe0c8d198b2f5cef,CREDIT MARKETING OFFICE,Padang
https://id.indeed.com/lihat-lowongan-kerja?jk=2d19751b4b49f2a4,REMEDIAL OFFICER - CIAMIS BANJAR PANGANDARAN XI.23,Ciamis
https://id.indeed.com/lihat-lowongan-kerja?jk=97ff5004c6c17140,Mobile Developer,Jakarta
https://id.indeed.com/lihat-lowongan-kerja?jk=4a66cfd32dc59af7,Senior Executive - Non Claim Health Analyst,Jakarta
https://id.indeed.com/lihat-lowongan-kerja?jk=a837f6eb0dcc393a,Graduate Trainee Program (GTP) Sales General Trade,Jakarta
https://id.indeed.com/lihat-lowongan-kerja?jk=f9e9fbb525a1ae5c,Koordinator Kolektor,Boyolali
https://id.indeed.com/lihat-lowongan-kerja?jk=1000d27dd02663c3,"Associate Director, Business Development",Jakarta
https://id.indeed.com/lihat-lowongan-kerja?jk=ab6076af5d9866d3,Sales Canvasser (Tambun),Bekasi
https://id.indeed.com/lihat-lowongan-kerja?jk=66dc7bcd012a182f,Head Production,Bogor
https://id.indeed.com/lihat-lowongan-kerja?jk=296aebb7189e71ef,Medical Representative,Indonesia
https://id.indeed.com/lihat-lowongan-kerja?jk=077761ca6ec3bc29,Business Development Executive,Jakarta
https://id.indeed.com/lihat-lowongan-kerja?jk=f6b211dbdbf33959,SALES OFFICER (SO),Jakarta
https://id.indeed.com/lihat-lowongan-kerja?jk=00bf2d86131227f0,Sales Representative (Lombok),Mataram
https://id.indeed.com/lihat-lowongan-kerja?jk=1281d4f2d4fb1280,Intern Digital Marketing,Jakarta
https://id.indeed.com/lihat-lowongan-kerja?jk=de069362fe202f06,Kolektor - Cikupa Tangerang,Karawang
https://id.indeed.com/lihat-lowongan-kerja?jk=378a454d997b6021,Assisstant Manager - Health Claim Analyts,Jakarta
https://id.indeed.com/lihat-lowongan-kerja?jk=265bec8048ed0e96,Sales Sumatera,Medan
https://id.indeed.com/lihat-lowongan-kerja?jk=325f54adbfcb7994,Staff Unit Universitas Swasta,Jakarta
https://id.indeed.com/lihat-lowongan-kerja?jk=43e0d9be8679436d,Jointer Fiber Optic (Jabodetabek),West Java
https://id.indeed.com/lihat-lowongan-kerja?jk=13d60a2da6bdd710,Kolektor / Account Receivable Officer (ARO) - Cikarang,Bekasi
https://id.indeed.com/lihat-lowongan-kerja?jk=68857ebc85b518e8,Teknisi Mesin EDC,Serang
https://id.indeed.com/lihat-lowongan-kerja?jk=6a2adcdaf7d456dd,Finance - Accounting Staff,Bekasi
https://id.indeed.com/lihat-lowongan-kerja?jk=ba5e5eadabcee60c,Marketing Agent Officer Rawamangun,Jakarta
https://id.indeed.com/lihat-lowongan-kerja?jk=4d2fe48adfac76c4,Junior Lawyer,Jakarta
https://id.indeed.com/lihat-lowongan-kerja?jk=4ae3c381f03b9b11,MARKETING,Indonesia
https://id.indeed.com/lihat-lowongan-kerja?jk=be2f77f5a5bbaca4,Marketing Agent Officer Daan Mogot,Jakarta
https://id.indeed.com/lihat-lowongan-kerja?jk=5abafc83092346ac,ARHO - CIBUBUR,Bogor
https://id.indeed.com/lihat-lowongan-kerja?jk=99e487bb9462f546,Credit Marketing Officer Daan Mogot,Jakarta
https://id.indeed.com/lihat-lowongan-kerja?jk=158e926065fad26a,Editor Video dan Desain Grafis,Jakarta
https://id.indeed.com/lihat-lowongan-kerja?jk=0748a27cf09f797f,Conference Producer - Indonesia,Jakarta
https://id.indeed.com/lihat-lowongan-kerja?jk=a13a1ba9d9694a2a,"Sales Indosat IM2, Kota Tangerang",Tangerang
https://id.indeed.com/lihat-lowongan-kerja?jk=1e267dec73563a66,Teknisi AC (Jabodetabek),Indonesia
https://id.indeed.com/lihat-lowongan-kerja?jk=2084bd8dec9bba08,Research Analyst,Jakarta
https://id.indeed.com/lihat-lowongan-kerja?jk=271b2c56b0d3f724,ADMINISTRASI,Bogor
https://id.indeed.com/lihat-lowongan-kerja?jk=7fdb0e32198d5a5d,Marketing Sertifikat Rumah / Business Relationship Officer (...,Bekasi
https://id.indeed.com/lihat-lowongan-kerja?jk=f576689c7b450e74,Pengawas Proyek,Jakarta
https://id.indeed.com/lihat-lowongan-kerja?jk=c4992db597d2c294,Merchandiser Modern Market Bogor,Bogor
https://id.indeed.com/lihat-lowongan-kerja?jk=fe1af6b1fd7161ce,Credit Marketing Officer,Bekasi
https://id.indeed.com/lihat-lowongan-kerja?jk=406e403bdc690d12,PROSPEKTOR,Jakarta
https://id.indeed.com/lihat-lowongan-kerja?jk=914c63d460a72c68,CUSTOMER SERVICE HEAD,Jakarta
https://id.indeed.com/lihat-lowongan-kerja?jk=9797840f8f811606,Education Coordinator,Malang
https://id.indeed.com/lihat-lowongan-kerja?jk=d7c57cfd9fe30653,Sales,Tangerang
https://id.indeed.com/lihat-lowongan-kerja?jk=d97e3583fdb6e3da,PPIC Supervisor,Bogor
https://id.indeed.com/lihat-lowongan-kerja?jk=b02058a03adbbf91,Kurir,Bandung
https://id.indeed.com/lihat-lowongan-kerja?jk=919900090887006d,SPB Elektronik (Cikarang),Bekasi
https://id.indeed.com/lihat-lowongan-kerja?jk=8608be63a090d3a7,Field Agent ( Collector ) - Tangerang,Tangerang
https://id.indeed.com/lihat-lowongan-kerja?jk=d275c01a954bb128,Junior Collection Bogor 2 parung ciseeng salabenda depok gun...,Bogor
https://id.indeed.com/lihat-lowongan-kerja?jk=83bc1ddc89164e6c,ARHO,Jakarta
https://id.indeed.com/lihat-lowongan-kerja?jk=2aab46eb3bc78aa7,Staff Akuntansi,Jakarta
https://id.indeed.com/lihat-lowongan-kerja?jk=59baab632c828562,Credit Marketing Officer,Jakarta
https://id.indeed.com/lihat-lowongan-kerja?jk=dbcfacb7b57e13d9,Professional Services - Advisory Consultant,Jakarta
https://id.indeed.com/lihat-lowongan-kerja?jk=9e8f03039b174e7d,Junior Ios Developer,Indonesia
https://id.indeed.com/lihat-lowongan-kerja?jk=d4d1f21224df6d9c,Sales Merchandiser - Jakarta,Jakarta
https://id.indeed.com/lihat-lowongan-kerja?jk=ca3f450448d795e3,HR Generalist,Jakarta
https://id.indeed.com/lihat-lowongan-kerja?jk=028252b3434b1c15,Customer Support,Jakarta
https://id.indeed.com/lihat-lowongan-kerja?jk=438f42c2cc583637,Customer Success - HR Products,Jakarta
https://id.indeed.com/lihat-lowongan-kerja?jk=7673ac67554c7aba,STAFF MARKETING PROMOTION,Jakarta
https://id.indeed.com/lihat-lowongan-kerja?jk=dc23ce4eceabb04d,Sales Kartu Provider (Domisili Kab. Bandung Barat),Bandung
https://id.indeed.com/lihat-lowongan-kerja?jk=0e2a9ab6f5259377,Marketing Executive,Jakarta
https://id.indeed.com/lihat-lowongan-kerja?jk=00395a153b035480,Intern HR Staff,Jakarta
https://id.indeed.com/lihat-lowongan-kerja?jk=36e02eaa4517a924,GM,Jakarta
https://id.indeed.com/lihat-lowongan-kerja?jk=6151f3a0b131aa14,Web Developer (Fullstack),Jakarta
https://id.indeed.com/lihat-lowongan-kerja?jk=16145954a5319396,Firmware Engineer,Jakarta
https://id.indeed.com/lihat-lowongan-kerja?jk=a6d7c46e9f5a5bdf,Warehouse Helper / Helper,Jakarta
https://id.indeed.com/lihat-lowongan-kerja?jk=7dc1a6959fe4f1ac,Marketing BSD,Tangerang
https://id.indeed.com/lihat-lowongan-kerja?jk=22d0443f4e62a928,Kurir Motor (Cibitung),Bekasi
https://id.indeed.com/lihat-lowongan-kerja?jk=eed8a7fd66f2144b,TEKNISI STABILIZER & UPS,Jakarta
https://id.indeed.com/lihat-lowongan-kerja?jk=7dce7529f6744a71,Relationship Officer - Palangka raya,Jakarta
https://id.indeed.com/lihat-lowongan-kerja?jk=da43bb7d165b38bb,Sales Lapangan,Semarang
https://id.indeed.com/lihat-lowongan-kerja?jk=ccb291eaf2739888,People Analytics Lead,Jakarta
https://id.indeed.com/lihat-lowongan-kerja?jk=da14e6ae8b7c70e2,CIVIL INSPECTION ENGINEER,Jakarta
https://id.indeed.com/lihat-lowongan-kerja?jk=5c41b12d13c90911,Sales Taking Order,Tasikmalaya
https://id.indeed.com/lihat-lowongan-kerja?jk=785da441f60b4e36,Customer Repeat Order (CRO) - SUBANG,Subang
https://id.indeed.com/lihat-lowongan-kerja?jk=4e4170df96e283e9,Social Media Specialist,Jakarta
https://id.indeed.com/lihat-lowongan-kerja?jk=0934e2ab32b0df46,Exim Staff,Jakarta
https://id.indeed.com/lihat-lowongan-kerja?jk=e60c8eed3c568d5e,Marketing Surveyor,Jakarta
https://id.indeed.com/lihat-lowongan-kerja?jk=4a3e43f92893c1c9,Cleaner mobile,Jakarta
https://id.indeed.com/lihat-lowongan-kerja?jk=1febce26118a2288,Manager – Digital Innovation Technology,Jakarta
https://id.indeed.com/lihat-lowongan-kerja?jk=4d024b19f14a95e8,Account Manager/Sales Executive,Jakarta
https://id.indeed.com/lihat-lowongan-kerja?jk=5b1a27f80aafbc91,Sales Canvasser - Store Karawang,Karawang
https://id.indeed.com/lihat-lowongan-kerja?jk=ee92c9c11512713b,ADMINISTRASI,Jakarta
https://id.indeed.com/lihat-lowongan-kerja?jk=9cc2e63981d5994c,Salex Executive Garam Industri,Jakarta
https://id.indeed.com/lihat-lowongan-kerja?jk=1f757509e8f546a1,Sales HOREKA,Jakarta
https://id.indeed.com/lihat-lowongan-kerja?jk=0e6c9fedcf35fd68,Sales Agent Verification,Samarinda
https://id.indeed.com/lihat-lowongan-kerja?jk=20e74d595b6bbb6b,SALES TEAM LEADER - TANGERANG,Tangerang
https://id.indeed.com/lihat-lowongan-kerja?jk=30038e9b3795458e,Credit Marketing Officer (CMO) / AO SURVEY,Jakarta
https://id.indeed.com/lihat-lowongan-kerja?jk=fd9cc34c7e6ee4ce,Credit Marketing Officer - Mobil (CMO KMOB),Indonesia
https://id.indeed.com/lihat-lowongan-kerja?jk=a529fdefcc38f119,Numerical Computation (NC),Bandung
https://id.indeed.com/lihat-lowongan-kerja?jk=6f2d1e1a9004b8a5,Field Agent ( Collector) - Mataram/Lombok,Mataram
https://id.indeed.com/lihat-lowongan-kerja?jk=551756226f4f3790,Support Officer ( Collection ),Pangkalpinang
https://id.indeed.com/lihat-lowongan-kerja?jk=985fcd327e0f7f36,Sales Person,Tangerang
https://id.indeed.com/lihat-lowongan-kerja?jk=7ca3bba9d1725adc,SALESMAN SPAREPART,Jakarta
https://id.indeed.com/lihat-lowongan-kerja?jk=a72ae4eaac2d10ce,REMEDIAL OFFICER - CIKAMPEK KARAWANG XI.16,Karawang
https://id.indeed.com/lihat-lowongan-kerja?jk=38ffb48bc9556d89,Unity Developer,Jakarta
https://id.indeed.com/lihat-lowongan-kerja?jk=3ec8d0108f49fbcb,Business Controller Corporate Tax Compliance,Sidoarjo
https://id.indeed.com/lihat-lowongan-kerja?jk=63d8382a35c514fa,Back-End Developer,Bekasi
https://id.indeed.com/lihat-lowongan-kerja?jk=9d73356d1bb24041,Digital Marketing Specialist,Jakarta
https://id.indeed.com/lihat-lowongan-kerja?jk=01c4c72ee4a0bbc4,INVENTORY CONTROL,Depok
https://id.indeed.com/lihat-lowongan-kerja?jk=ac339fcafa71ac47,General Administration Assistant PT. Garuda Telekomunikasi I...,Semarang
https://id.indeed.com/lihat-lowongan-kerja?jk=914287c788185b29,Staff APPRAISAL,Jakarta
https://id.indeed.com/lihat-lowongan-kerja?jk=9457df005829d126,Driver,Jakarta
https://id.indeed.com/lihat-lowongan-kerja?jk=8e381664e9716339,ACCOUNTING ANALYST,Tasikmalaya
https://id.indeed.com/lihat-lowongan-kerja?jk=3c272484e9c4ac6b,Sales - Senior Account Executive,Jakarta
https://id.indeed.com/lihat-lowongan-kerja?jk=fff5b3a08f82e107,Clinical Marketing Manager,Jakarta
https://id.indeed.com/lihat-lowongan-kerja?jk=afa85ebe2f24aaa1,Embedded System (Firmware) Engineer,Jakarta
https://id.indeed.com/lihat-lowongan-kerja?jk=7aa2e3121d00d998,AREA COORDINATOR,Jakarta
https://id.indeed.com/lihat-lowongan-kerja?jk=ff963bf001aae284,SALES MOTORIS,Jakarta
https://id.indeed.com/lihat-lowongan-kerja?jk=655cff2fe6ba1bad,MD,Jember
https://id.indeed.com/lihat-lowongan-kerja?jk=7ce1dfca9bef80c8,Sales Mikro dan Consultant Mikro,Cimahi
https://id.indeed.com/lihat-lowongan-kerja?jk=2dc78892462ecf4c,SALES ALAT TULIS KANTOR & SEKOLAH,Denpasar
https://id.indeed.com/lihat-lowongan-kerja?jk=bff1eeb6dfc19fc1,Sales Canvasser (Condet - Jakarta Timur),Jakarta
https://id.indeed.com/lihat-lowongan-kerja?jk=318af39725042e73,Network Engineer,Jakarta
https://id.indeed.com/lihat-lowongan-kerja?jk=eb9ac9f71e7b4b3f,Marketing Officer (KAR - MO) Salatiga,Salatiga
https://id.indeed.com/lihat-lowongan-kerja?jk=9fd4ce6a405c5dee,Lowongan Operational Manager,Jakarta
https://id.indeed.com/lihat-lowongan-kerja?jk=2f4c708a7d2d9859,Manager – Tax Reporting & Compliance,Jakarta
https://id.indeed.com/lihat-lowongan-kerja?jk=01048b6407c6a5ed,Field Collector (Jabodetabek),Jakarta
https://id.indeed.com/lihat-lowongan-kerja?jk=d0e72a3be067ec78,Lowongan Kerja Staff Administrasi Penjualan Surabaya,Surabaya
https://id.indeed.com/lihat-lowongan-kerja?jk=3489086c371c1274,Sales Merchandiser Padang,Padang
https://id.indeed.com/lihat-lowongan-kerja?jk=f4e7e6e076ae0116,Admin sales,Batam
https://id.indeed.com/lihat-lowongan-kerja?jk=7f63611630c191dc,Marketing Mandiri (Kyai Tapa),Jakarta
https://id.indeed.com/lihat-lowongan-kerja?jk=de9453621b5e8740,Staff General Affair,Surabaya
https://id.indeed.com/lihat-lowongan-kerja?jk=0aee99fd7342c2cd,Operational Staff (Produksi Dessert),Bandung
https://id.indeed.com/lihat-lowongan-kerja?jk=8a62a1a07ebd5ce2,Field Auditor Staff,Sarolangun
https://id.indeed.com/lihat-lowongan-kerja?jk=94b47d4ee6aceb13,"Mitra Collection Bekasi Raya (Bekasi,Cikarang,Cileungsi)",Bekasi
https://id.indeed.com/lihat-lowongan-kerja?jk=2738ad848c5c364f,Marketing (Recovery Staff / Remedial Staff),Jakarta
https://id.indeed.com/lihat-lowongan-kerja?jk=9900e98c4efe224b,Services Partner,Jakarta
https://id.indeed.com/lihat-lowongan-kerja?jk=3badefb94f1cf8b8,"Account Manager, Customer Connect",Jakarta
https://id.indeed.com/lihat-lowongan-kerja?jk=d9c4e26f2c1a97f0,Staff Purchasing Warung WAKAKA,Bandung
https://id.indeed.com/lihat-lowongan-kerja?jk=bd2c86140238737d,GURU KIMIA FULL TIME,Tangerang
https://id.indeed.com/lihat-lowongan-kerja?jk=b0ae85ad1dca6236,Teknisi Tambak Udang/Pendederan,Yogyakarta
https://id.indeed.com/lihat-lowongan-kerja?jk=6f1685f9f2e439e8,Credit Marketing Officer,Jakarta
https://id.indeed.com/lihat-lowongan-kerja?jk=9151256914255d3a,Sales Promotion,Jakarta
https://id.indeed.com/lihat-lowongan-kerja?jk=f6daa83b7944bbc9,Security Presales Consultant_ SEA,Jakarta
https://id.indeed.com/lihat-lowongan-kerja?jk=2f2365b55f27d5b8,Sales Officer Multiguna,Bekasi
https://id.indeed.com/lihat-lowongan-kerja?jk=8780fafe02fe6691,Kolektor Koordinator,Salatiga
https://id.indeed.com/lihat-lowongan-kerja?jk=37e5fb6937d143ed,Senior Executive - AML Strategy & Development,Jakarta
https://id.indeed.com/lihat-lowongan-kerja?jk=86a952f3d43e067a,Account Executive (Bogor),Bogor
https://id.indeed.com/lihat-lowongan-kerja?jk=3f90863a6c3ee75a,Sales Consultant,Depok
https://id.indeed.com/lihat-lowongan-kerja?jk=c0a4ab625ae22009,Kepala Shift dan ADM. Produksi,Majalengka
https://id.indeed.com/lihat-lowongan-kerja?jk=e78aeeda2f676ea4,Sales Engineer,Jakarta
https://id.indeed.com/lihat-lowongan-kerja?jk=791999452b71df27,MARKETING CARGO,Jakarta
https://id.indeed.com/lihat-lowongan-kerja?jk=9dcfe3c66396b3c1,Sales Representative Diperlukan Segera,Tangerang
https://id.indeed.com/lihat-lowongan-kerja?jk=e26802bf8fa554ca,Mechanical Rotating Engineer,Jakarta
https://id.indeed.com/lihat-lowongan-kerja?jk=1a1af4391ee028dd,Credit Marketing Officer Grogol,Jakarta
https://id.indeed.com/lihat-lowongan-kerja?jk=ce0845c3875b2b51,Kolektor/ ARO AREA GARUT,Jakarta
https://id.indeed.com/lihat-lowongan-kerja?jk=47ae97f58796562a,Intern Finance Accounting Specialist,Jakarta
https://id.indeed.com/lihat-lowongan-kerja?jk=f2e97a0c881020b3,Sales Canvas - Purwokerto,Purwokerto
https://id.indeed.com/lihat-lowongan-kerja?jk=764a50ce2616b0ad,SALESMAN SPAREPART,Jakarta
https://id.indeed.com/lihat-lowongan-kerja?jk=b1cd8b72bf4bde4a,Sales Executive,Jakarta
https://id.indeed.com/lihat-lowongan-kerja?jk=3f7efeabd6f844b6,Credit Marketing Officer (CMO) - Semarang,Semarang
https://id.indeed.com/lihat-lowongan-kerja?jk=c507c9c7597d2a49,Medical Representative - ETHICAL,Jakarta
https://id.indeed.com/lihat-lowongan-kerja?jk=dae8f3474cb4112f,SALES PERUMAHAN,Serang
https://id.indeed.com/lihat-lowongan-kerja?jk=249842d3af2aa927,Smartfren 4G Specialist (SGS) Cililin - Sindangkerta,Cimahi
https://id.indeed.com/lihat-lowongan-kerja?jk=1f6779fab3ede3e9,SPV Sales,Manado
https://id.indeed.com/lihat-lowongan-kerja?jk=43c8d2aa2c09e522,Staff Troubleshoot Facility ( Tower Operation),Badung
https://id.indeed.com/lihat-lowongan-kerja?jk=c5a2a755a8a4fd61,Sales Motoris (Jakarta),Jakarta
https://id.indeed.com/lihat-lowongan-kerja?jk=da43bb7d165b38bb,Sales Lapangan,Semarang
https://id.indeed.com/lihat-lowongan-kerja?jk=d0d2ceb12e9e51c1,Brand Merchandiser - Men Footwear,Jakarta
https://id.indeed.com/lihat-lowongan-kerja?jk=74d3d686dd9adbba,Sales Representative,Jakarta
https://id.indeed.com/lihat-lowongan-kerja?jk=efa51b1642303195,Mitra Collection Rantau Prapat - Sumatera,Jakarta
https://id.indeed.com/lihat-lowongan-kerja?jk=9bc3de9a85734cd7,Senior Account Executive,Jakarta
https://id.indeed.com/lihat-lowongan-kerja?jk=da485b4496eeaac1,ACCOUNT MANAGER,Jakarta
https://id.indeed.com/lihat-lowongan-kerja?jk=869fbd0e3063333b,Agency Relationship Executive (Penempatan Manggarai),Kupang
https://id.indeed.com/lihat-lowongan-kerja?jk=b58147c8707ea75c,Field Kolektor,Semarang
https://id.indeed.com/lihat-lowongan-kerja?jk=fd33ad6eae8074a2,Urgent - Maintenance Field Officer (MFO_Staff),Jakarta
https://id.indeed.com/lihat-lowongan-kerja?jk=da72a57904159f45,ERP- IT Implementation Executive,Jakarta
https://id.indeed.com/lihat-lowongan-kerja?jk=674d5222039fd602,MARKETING AGENT OFFICER ( MAO ) MOBILKU,Indramayu
https://id.indeed.com/lihat-lowongan-kerja?jk=82e4e838c19d7762,CSR - Customer Service Representative (Pramuniaga Toko),Bali
https://id.indeed.com/lihat-lowongan-kerja?jk=0f91ad1612dc9910,Mikro Kredit Sales (Pulo Gadung),Jakarta
https://id.indeed.com/lihat-lowongan-kerja?jk=da43bb7d165b38bb,Sales Lapangan,Semarang
https://id.indeed.com/lihat-lowongan-kerja?jk=06a1ddcc5ec90bc2,Dibutuhkan SALES OFFICER Di Cilegon,Serang
https://id.indeed.com/lihat-lowongan-kerja?jk=6da3fba15efc8148,Application Developer,Jakarta
https://id.indeed.com/lihat-lowongan-kerja?jk=0ff3998f5595f80d,"Mitra Collection Pamanukan, Jatibarang, Cirebon, Majalengka",Garut
https://id.indeed.com/lihat-lowongan-kerja?jk=4becc5ba709e6943,ACCOUNT OFFICER,Bekasi
https://id.indeed.com/lihat-lowongan-kerja?jk=da6f481e895ef06c,Sales,Jakarta
https://id.indeed.com/lihat-lowongan-kerja?jk=bb376ef4e7884b94,Medical Representative - Kalbe Vision,Jakarta
https://id.indeed.com/lihat-lowongan-kerja?jk=31188922e35f5b81,Account Supervisor Bogor,Bogor
https://id.indeed.com/lihat-lowongan-kerja?jk=6a9f1fc02180335f,Marketing Communication,Bandung
https://id.indeed.com/lihat-lowongan-kerja?jk=791b2adcf312ae97,HRD,Jombang
https://id.indeed.com/lihat-lowongan-kerja?jk=f0dae89633211b95,MANAGEMENT TRAINEE (MT) SALES AND MARKETING,Tangerang
https://id.indeed.com/lihat-lowongan-kerja?jk=ca9758005f0f9775,CUSTOMER SERVICE OFFICER (MEDAN),Medan
https://id.indeed.com/lihat-lowongan-kerja?jk=9a49b2e3a4577fde,Mitra Kurir Motor (Wilayah Depok dan Pondok Pinang),Jakarta
https://id.indeed.com/lihat-lowongan-kerja?jk=278546cfc359290c,SALES SUPPORT,Jakarta
https://id.indeed.com/lihat-lowongan-kerja?jk=1b276d15faa230a1,Manager Auditor (MA),Jakarta
https://id.indeed.com/lihat-lowongan-kerja?jk=459d11d5689e2c51,Lead UI/UX Designer,Indonesia
https://id.indeed.com/lihat-lowongan-kerja?jk=0e5341a53c59ec7c,Sales Material Building - Cianjur,Cianjur
https://id.indeed.com/lihat-lowongan-kerja?jk=49d191e848be7ad6,SALES RETAIL,Jakarta
https://id.indeed.com/lihat-lowongan-kerja?jk=abeb691735e2340f,Sales Officer - Kudus,Kudus
https://id.indeed.com/lihat-lowongan-kerja?jk=b87a096497985c4a,Agent Aquisis Toko - Bogor,Bogor
https://id.indeed.com/lihat-lowongan-kerja?jk=9236df7a825a44b5,Account Marketing Representative,Surabaya
https://id.indeed.com/lihat-lowongan-kerja?jk=df0217ae5f49cb03,System Engineer,Jakarta
https://id.indeed.com/lihat-lowongan-kerja?jk=6911c7854c0837d9,Quality Assurance Assistant Manager,Gresik
https://id.indeed.com/lihat-lowongan-kerja?jk=ca9f62cd8e020962,Magang Advokat / Pengacara Pajak,Jakarta
https://id.indeed.com/lihat-lowongan-kerja?jk=7b83e5fb2bc7d62c,Network Security Engineer,Jakarta
https://id.indeed.com/lihat-lowongan-kerja?jk=24b8741f2b0df6ea,Sales,Denpasar
https://id.indeed.com/lihat-lowongan-kerja?jk=654c464de3ea1859,SALES MOTORIS,Pati
https://id.indeed.com/lihat-lowongan-kerja?jk=f2454343d5e57a14,Finance & Accounting Staff,Jakarta
https://id.indeed.com/lihat-lowongan-kerja?jk=dedd82c93076efb4,Sales Canvasser (Purwokerto),Purwokerto
https://id.indeed.com/lihat-lowongan-kerja?jk=b121c0a4c9109d47,LOKER MARKETING INDIHOME,Semarang
https://id.indeed.com/lihat-lowongan-kerja?jk=506cf05375bc88e3,Backend Developer,Jakarta
https://id.indeed.com/lihat-lowongan-kerja?jk=c2eafed5804aaaba,Administration,Surabaya
https://id.indeed.com/lihat-lowongan-kerja?jk=2adf696a0dbc8342,SALESMAN INDUSTRY,Jakarta
https://id.indeed.com/lihat-lowongan-kerja?jk=41490850e8b5db6f,Sales Head,Bangka-Belitung
https://id.indeed.com/lihat-lowongan-kerja?jk=7f4145ad1e5c0f6f,"Senior Migrations Customer Solution Manager, Indonesia",Jakarta
https://id.indeed.com/lihat-lowongan-kerja?jk=0021167295216167,"Account Manager, Nokia Software",Jakarta
https://id.indeed.com/lihat-lowongan-kerja?jk=b6501747832ffbd9,"SALES HOMECARE (Produk Pembersih ke Tk.Bangunan, Kosmetik)-J...",Jakarta
https://id.indeed.com/lihat-lowongan-kerja?jk=d401b7e81b619d06,Surveyor,Jakarta
https://id.indeed.com/lihat-lowongan-kerja?jk=7e66f62e194a2fc0,OPERATIONAL STAFF,Surabaya
https://id.indeed.com/lihat-lowongan-kerja?jk=7f87e8d4b1b2e966,Sales Executive Product Steel & Fire Door,Tangerang
https://id.indeed.com/lihat-lowongan-kerja?jk=7f9c7c64a10618e0,Credit Marketing Officer (CMO),Jakarta
https://id.indeed.com/lihat-lowongan-kerja?jk=ac367827f7bed736,Center Operation (Key Account),Jakarta
https://id.indeed.com/lihat-lowongan-kerja?jk=01c0849986c7d09d,Senior Product Manager,Jakarta
https://id.indeed.com/lihat-lowongan-kerja?jk=130a2557e24ded7d,Desktop Programmer (Interfacing Hardware),Jakarta
https://id.indeed.com/lihat-lowongan-kerja?jk=b5d730e949eb2d6d,Senior C++ programmer,Jakarta
https://id.indeed.com/lihat-lowongan-kerja?jk=910f7c80346a0e6d,Senior Mobile Application Developer,Jakarta
https://id.indeed.com/lihat-lowongan-kerja?jk=424c26e937c6996a,Field Collector - PADANG,Padang
https://id.indeed.com/lihat-lowongan-kerja?jk=002f9dd2ef15fdde,Cleaning Service,Surabaya
https://id.indeed.com/lihat-lowongan-kerja?jk=1d40095c3e033942,Senior Shrimp Farm Technical Expert,Jakarta
https://id.indeed.com/lihat-lowongan-kerja?jk=1f4eff63baf19d05,Field Collector,Jakarta
